2011-04-26,万方发展,90.1344688111111,4.4325,综合
2012-07-25,建设银行,0.0076596333333327484,2.81833612,银行
2012-07-26,建设银行,0.10271943333333056,2.81833612,银行
2012-07-27,建设银行,0.10271943333333056,2.8074685,银行
2012-07-28,建设银行,-0.18245666666666693,2.8255812,银行
2012-07-31,建设银行,-0.18245666666666693,2.8255812,银行
2012-08-01,建设银行,-0.3725729666666666,2.86542914,银行
2012-08-02,建设银行,-0.5151593666666656,2.89440946,银行
2012-08-03,建设银行,-0.5626892666666663,2.9052770800000003,银行
2012-08-04,建设银行,-0.5626892666666663,2.90889962,银行
2012-08-07,建设银行,-0.610219166666667,2.90889962,银行
2012-08-08,建设银行,-0.610219166666667,2.9052770800000003,银行
2012-08-09,建设银行,-0.7052789666666648,2.92338978,银行
2012-08-10,建设银行,-0.8003354666666667,2.9342574,银行
2012-08-11,建设银行,-0.7528055666666659,2.93787994,银行
2012-08-14,建设银行,-0.8003354666666667,2.93787994,银行
2012-08-15,建设银行,-0.8003354666666667,2.94512502,银行
2012-08-16,建设银行,-0.6577490666666677,2.93063486,银行
2012-08-17,建设银行,-0.610219166666667,2.90889962,银行
2012-08-18,建设银行,-0.6577490666666677,2.9161447,银行
2012-08-21,建设银行,-0.7052789666666648,2.9161447,银行
2012-08-22,建设银行,-0.8003354666666667,2.91976724,银行
2012-08-23,建设银行,-0.6577490666666677,2.92338978,银行
2012-08-24,建设银行,-0.5626892666666663,2.90165454,银行
2012-08-25,建设银行,-0.4201028666666673,2.88716438,银行
2012-08-28,建设银行,0.525231633333334,2.88716438,银行
2012-08-29,建设银行,0.34461603333333096,2.90165454,银行
2012-08-30,建设银行,0.3897699333333336,2.9052770800000003,银行
2012-08-31,建设银行,0.2091543333333341,2.9161447000000003,银行
2012-09-01,建设银行,0.34461603333333096,2.9161447,银行
2012-09-04,建设银行,0.7842982999999997,2.9161447,银行
2012-09-05,建设银行,1.145532799999998,2.84731644,银行
2012-09-06,建设银行,1.2358405999999995,2.81109104,银行
2012-09-07,建设银行,1.190686699999997,2.81833612,银行
2012-09-08,建设银行,0.6488365999999992,2.86905168,银行
2012-09-11,建设银行,0.8294521999999986,2.86905168,银行
2012-09-12,建设银行,0.9649138999999956,2.85818406,银行
2012-09-13,建设银行,1.0100677999999979,2.85093898,银行
2012-09-14,建设银行,1.0100677999999979,2.85456152,银行
2012-09-15,建设银行,0.7391443999999971,2.87629676,银行
2012-09-18,建设银行,0.9649138999999956,2.87629676,银行
2012-09-19,建设银行,1.145532799999998,2.8436939,银行
2012-09-20,建设银行,1.145532799999998,2.8255812,银行
2012-09-21,建设银行,1.2358405999999995,2.81109104,银行
2012-09-22,建设银行,1.2809944999999985,2.8074685,银行
2012-09-25,建设银行,1.3713023000000002,2.8074685,银行
2012-09-26,建设银行,1.461610099999998,2.7821107200000004,银行
2012-09-27,建设银行,1.4164561999999992,2.7821107200000004,银行
2012-09-28,建设银行,1.055225,2.83644882,银行
2012-09-29,建设银行,0.7842982999999997,2.85456152,银行
2012-10-09,建设银行,0.7842982999999997,2.85456152,银行
2012-10-10,建设银行,0.4230670999999973,2.9052770800000003,银行
2012-10-11,建设银行,0.4230670999999973,2.92701232,银行
2012-10-12,建设银行,0.3779131999999983,2.9342574,银行
2012-10-13,建设银行,0.06183589999999839,2.97410534,银行
2012-10-16,建设银行,0.01668199999999942,2.97410534,银行
2012-10-17,建设银行,-0.11877970000000106,3.0067082000000003,银行
2012-10-18,建设银行,-0.11877970000000106,3.02844344,银行
2012-10-19,建设银行,-0.1639336,3.03206598,银行
2012-10-20,建设银行,-0.02847189999999955,3.02844344,银行
2012-10-23,建设银行,-0.11877970000000106,3.02844344,银行
2012-10-24,建设银行,-0.07362580000000207,3.02844344,银行
2012-10-25,建设银行,-0.02847189999999955,3.02119836,银行
2012-10-26,建设银行,-0.02847189999999955,3.0067082000000003,银行
2012-10-27,建设银行,0.10698980000000093,2.99946312,银行
2012-10-30,建设银行,0.6731674999999981,2.99946312,银行
2012-10-31,建设银行,0.6731674999999981,2.9849729600000003,银行
2012-11-01,建设银行,0.6731674999999981,2.9885955,银行
2012-11-02,建设银行,0.12420103333333544,3.01757582,银行
2012-11-03,建设银行,-0.1384987666666646,3.05017868,银行
2012-11-06,建设银行,-0.050933266666664416,3.05017868,银行
2012-11-07,建设银行,-0.1384987666666646,3.05742376,银行
2012-11-08,建设银行,-0.18227986666666496,3.07553646,银行
2012-11-09,建设银行,-0.2698486666666646,3.079159,银行
2012-11-10,建设银行,-0.313629766666665,3.09364916,银行
2012-11-13,建设银行,-0.4011985666666647,3.09364916,银行
2012-11-14,建设银行,-0.444979666666665,3.11176186,银行
2012-11-15,建设银行,-0.2698486666666646,3.1153844,银行
2012-11-16,建设银行,0.16798213333333578,3.06466884,银行
2012-11-17,建设银行,0.0804166333333356,3.01757582,银行
2012-11-20,建设银行,0.03663553333333525,3.01757582,银行
2012-11-21,建设银行,0.25555093333333545,3.02119836,银行
2012-11-22,建设银行,0.2117665333333356,2.99946312,银行
2012-11-23,建设银行,0.2993320333333358,2.99946312,银行
2012-11-24,建设银行,0.2993320333333358,3.01395328,银行
2012-11-27,建设银行,0.25555093333333545,3.01395328,银行
2012-11-28,建设银行,0.16798213333333578,3.01757582,银行
2012-11-29,建设银行,0.12420103333333544,3.02844344,银行
2012-11-30,建设银行,0.25555093333333545,3.0248209,银行
2012-12-01,建设银行,0.2117665333333356,3.0067082000000003,银行
2012-12-04,建设银行,0.2117665333333356,3.0067082000000003,银行
2012-12-05,建设银行,0.2117665333333356,3.01395328,银行
2012-12-06,建设银行,-0.1384987666666646,3.04655614,银行
2012-12-07,建设银行,-0.313629766666665,3.0972717000000003,银行
2012-12-08,建设银行,-0.3574141666666648,3.12987456,银行
2012-12-11,建设银行,-0.5325451666666652,3.12987456,银行
2012-12-12,建设银行,-0.576329566666665,3.1516097999999997,银行
2012-12-13,建设银行,-0.707679466666665,3.16247742,银行
2012-12-14,建设银行,-0.5325451666666652,3.1552323400000004,银行
2012-12-15,建设银行,-1.233075766666662,3.20957044,银行
2012-12-18,建设银行,-1.233075766666662,3.20957044,银行
2012-12-19,建设银行,-1.3206412666666625,3.28926632,银行
2012-12-20,建设银行,-1.364425666666662,3.28564378,银行
2012-12-21,建设银行,-1.364425666666662,3.2602860000000002,银行
2012-12-22,建设银行,-0.839029366666665,3.23130568,银行
2012-12-25,建设银行,-0.8828104666666654,3.23130568,银行
2012-12-26,建设银行,-1.5833410666666623,3.26390854,银行
2012-12-27,建设银行,-1.5833410666666623,3.30375648,银行
2012-12-28,建设银行,-1.2768601666666657,3.2965114,银行
2012-12-29,建设银行,-1.364425666666662,3.28564378,银行
2013-01-01,建设银行,-1.6709065666666625,3.28564378,银行
2013-01-05,建设银行,-2.108740666666666,3.31824664,银行
2013-01-08,建设银行,-2.240087266666663,3.40881014,银行
2013-01-09,建设银行,-1.8898219666666627,3.3906974400000003,银行
2013-01-10,建设银行,-1.6709065666666625,3.34722696,银行
2013-01-11,建设银行,-1.7584753666666657,3.34360442,银行
2013-01-12,建设银行,-1.8022564666666625,3.33998188,银行
2013-01-15,建设银行,-2.3276560666666626,3.33998188,银行
2013-01-16,建设银行,-2.240087266666663,3.43416792,银行
2013-01-17,建设银行,-1.977390766666666,3.39794252,银行
2013-01-18,建设银行,-1.7146909666666623,3.33998188,银行
2013-01-19,建设银行,-1.8898219666666627,3.36171712,银行
2013-01-22,建设银行,-1.7584753666666657,3.36171712,银行
2013-01-23,建设银行,-1.8898219666666627,3.36533966,银行
2013-01-24,建设银行,-2.0649562666666625,3.3798298200000003,银行
2013-01-25,建设银行,-2.2838716666666627,3.45228062,银行
2013-01-26,建设银行,-2.0649562666666625,3.4233002999999997,银行
2013-01-29,建设银行,-2.502787066666663,3.4233002999999997,银行
2013-01-30,建设银行,-2.459002666666663,3.4595257000000004,银行
2013-01-31,建设银行,-2.984402266666663,3.50661872,银行
2013-02-01,建设银行,-3.290883166666664,3.58993714,银行
2013-02-02,建设银行,-3.6411484666666634,3.6225400000000003,银行
2013-02-05,建设银行,-3.7724983666666634,3.6225400000000003,银行
2013-02-06,建设银行,-3.4660174666666634,3.65514286,银行
2013-02-07,建设银行,-3.5097985666666633,3.63703016,银行
2013-02-08,建设银行,-2.940617866666664,3.57906952,银行
2013-02-09,建设银行,-2.984402266666663,3.55371174,银行
2013-02-19,建设银行,-2.8968367666666635,3.55371174,银行
2013-02-20,建设银行,-2.721702466666663,3.52473142,银行
2013-02-21,建设银行,-2.590352566666663,3.48488348,银行
2013-02-22,建设银行,-1.977390766666666,3.4051876000000005,银行
2013-02-23,建设银行,-1.7584753666666657,3.35447204,银行
2013-02-26,建设银行,-1.7584753666666657,3.35447204,银行
2013-02-27,建设银行,-1.5833410666666623,3.35447204,银行
2013-02-28,建设银行,-1.8022564666666625,3.33998188,银行
2013-03-01,建设银行,-2.1525217666666627,3.4051876,银行
2013-03-02,建设银行,-2.108740666666666,3.41243268,银行
2013-03-05,建设银行,-1.5395599666666655,3.41243268,银行
2013-03-06,建设银行,-1.977390766666666,3.3580945800000004,银行
2013-03-07,建设银行,-1.977390766666666,3.3906974400000003,银行
2013-03-08,建设银行,-1.5395599666666655,3.32911426,银行
2013-03-09,建设银行,-1.6271254666666657,3.3146241,银行
2013-03-12,建设银行,-1.5833410666666623,3.3146241,银行
2013-03-13,建设银行,-1.5395599666666655,3.3327367999999993,银行
2013-03-14,建设银行,-1.5395599666666655,3.30375648,银行
2013-03-15,建设银行,-1.6709065666666625,3.31824664,银行
2013-03-16,建设银行,-2.0649562666666625,3.3689622000000004,银行
2013-03-19,建设银行,-1.4519911666666625,3.3689622000000004,银行
2013-03-20,建设银行,-1.5833410666666623,3.32911426,银行
2013-03-21,建设银行,-2.108740666666666,3.3689622000000004,银行
2013-03-22,建设银行,-2.108740666666666,3.41605522,银行
2013-03-23,建设银行,-2.1525217666666627,3.39431998,银行
2013-03-26,建设银行,-1.987980466666663,3.39431998,银行
2013-03-27,建设银行,-1.5181891666666625,3.43054538,银行
2013-03-28,建设银行,-1.5181891666666625,3.41605522,银行
2013-03-29,建设银行,-1.005689266666664,3.31824664,银行
2013-03-30,建设银行,-1.0911064666666659,3.3146241,银行
2013-04-02,建设银行,-1.0911064666666659,3.3146241,银行
2013-04-03,建设银行,-1.347354766666662,3.33998188,银行
2013-04-04,建设银行,-1.4754805666666648,3.39794252,银行
2013-04-09,建设银行,-1.4754805666666648,3.39794252,银行
2013-04-10,建设银行,-1.4754805666666648,3.39794252,银行
2013-04-11,建设银行,-1.4327719666666638,3.37620728,银行
2013-04-12,建设银行,-1.5181891666666625,3.3906974400000003,银行
2013-04-13,建设银行,-1.5608977666666632,3.39431998,银行
2013-04-16,建设银行,-1.6036063666666642,3.39431998,银行
2013-04-17,建设银行,-1.5181891666666625,3.39431998,银行
2013-04-18,建设银行,-1.133811766666664,3.35447204,银行
2013-04-19,建设银行,-1.005689266666664,3.32911426,银行
2013-04-20,建设银行,-1.5181891666666625,3.3508495000000003,银行
2013-04-23,建设银行,-1.5608977666666632,3.3508495000000003,银行
2013-04-24,建设银行,-1.3900633666666629,3.38345236,银行
2013-04-25,建设银行,-1.3900633666666629,3.3689622000000004,银行
2013-04-26,建设银行,-1.5181891666666625,3.37258474,银行
2013-04-27,建设银行,-1.3900633666666629,3.3870748999999996,银行
2013-05-03,建设银行,-0.7711708000000002,3.3870748999999996,银行
2013-05-04,建设银行,-1.1401372000000016,3.46314824,银行
2013-05-07,建设银行,-1.1401372000000016,3.46314824,银行
2013-05-08,建设银行,-1.0991412999999994,3.47401586,银行
2013-05-09,建设银行,-1.3451166999999984,3.4957511,银行
2013-05-10,建设银行,-1.3451166999999984,3.51748634,银行
2013-05-11,建设银行,-1.3451166999999984,3.51748634,银行
2013-05-14,建设银行,-1.2221290000000025,3.51748634,银行
2013-05-15,建设银行,-0.9761503000000004,3.46314824,银行
2013-05-16,建设银行,-0.9761503000000004,3.45590316,银行
2013-05-17,建设银行,-1.1811331000000005,3.46677078,银行
2013-05-18,建设银行,-1.5500995000000015,3.51748634,银行
2013-05-21,建设银行,-1.5500995000000015,3.51748634,银行
2013-05-22,建设银行,-1.4681044000000014,3.54284412,银行
2013-05-23,建设银行,-1.4271084999999992,3.5319765,银行
2013-05-24,建设银行,-1.1811331000000005,3.49937364,银行
2013-05-25,建设银行,-1.0581421000000013,3.48850602,银行
2013-05-28,建设银行,-1.0991412999999994,3.48850602,银行
2013-05-29,建设银行,-1.3861126000000006,3.4957510999999997,银行
2013-05-30,建设银行,-1.3041207999999995,3.51748634,银行
2013-05-31,建设银行,-1.2221290000000025,3.50299618,银行
2013-06-01,建设银行,-1.1401372000000016,3.4957510999999997,银行
2013-06-04,建设银行,-1.1811331000000005,3.4957510999999997,银行
2013-06-05,建设银行,-1.0991412999999994,3.47401586,银行
2013-06-06,建设银行,-1.0581421000000013,3.46677078,银行
2013-06-07,建设银行,-0.9351543999999984,3.45590316,银行
2013-06-08,建设银行,-0.8941584999999996,3.44865808,银行
2013-06-14,建设银行,-0.607183899999999,3.44865808,银行
2013-06-15,建设银行,-0.6891789999999993,3.3689622000000004,银行
2013-06-18,建设银行,-0.4432002999999973,3.3689622000000004,银行
2013-06-19,建设银行,-0.5251920999999982,3.3689622000000004,银行
2013-06-20,建设银行,-0.3202126000000014,3.34722696,银行
2013-06-21,建设银行,0.04875380000000007,3.29288886,银行
2013-06-22,建设银行,1.8115907,3.17505328,银行
2013-06-25,建设银行,2.3035447999999974,3.17505328,银行
2013-06-26,建设银行,2.180557099999998,3.04789702,银行
2013-06-27,建设银行,2.0985653000000006,3.07486956,银行
2013-06-28,建设银行,1.8115907,3.1403743000000004,银行
2013-06-29,建设银行,1.5246160999999994,3.1712000600000003,银行
2013-07-02,建设银行,0.9096742999999988,3.1712000600000003,银行
2013-07-03,建设银行,0.7456907000000008,3.30991598,银行
2013-07-04,建设银行,0.7456907000000008,3.32918208,银行
2013-07-05,建设银行,0.6636956000000005,3.33688852,银行
2013-07-06,建设银行,0.2537333000000004,3.3908336,银行
2013-07-09,建设银行,0.4997119999999988,3.3908336,银行
2013-07-10,建设银行,0.4587160999999966,3.38312716,银行
2013-07-11,建设银行,0.5407078999999975,3.37927394,银行
2013-07-12,建设银行,0.007757900000001427,3.43321902,银行
2013-07-13,建设银行,0.17174149999999955,3.44092546,银行
2013-07-16,建设银行,0.37672429999999935,3.44092546,银行
2013-07-17,建设银行,0.2537333000000004,3.3985400400000003,银行
2013-07-18,建设银行,0.6226996999999983,3.3908336,银行
2013-07-19,建设银行,0.7456907000000008,3.34844818,银行
2013-07-20,建设银行,0.6636956000000005,3.32532886,银行
2013-07-23,建设银行,0.7046914999999991,3.32532886,银行
2013-07-24,建设银行,0.7456907000000008,3.35615462,银行
2013-07-25,建设银行,0.8276825000000017,3.31762242,银行
2013-07-26,建设银行,0.9916660999999998,3.31762242,银行
2013-07-27,建设银行,0.9506701999999976,3.30220954,银行
2013-07-30,建设银行,1.2786407000000004,3.30220954,银行
2013-07-31,建设银行,0.9916660999999998,3.27909022,银行
2013-08-01,建设银行,0.9506701999999976,3.2945031000000005,银行
2013-08-02,建设银行,0.8276825000000017,3.3330353,银行
2013-08-03,建设银行,0.7866865999999995,3.33688852,银行
2013-08-06,建设银行,0.6226996999999983,3.33688852,银行
2013-08-07,建设银行,0.7046914999999991,3.35615462,银行
2013-08-08,建设银行,0.8276825000000017,3.34844818,银行
2013-08-09,建设银行,0.8686784000000003,3.32918208,银行
2013-08-10,建设银行,0.8686784000000003,3.30991598,银行
2013-08-13,建设银行,0.6636956000000005,3.30991598,银行
2013-08-14,建设银行,0.6636956000000005,3.3523013999999995,银行
2013-08-15,建设银行,0.7046914999999991,3.36771428,银行
2013-08-16,建设银行,0.7866865999999995,3.35615462,银行
2013-08-17,建设银行,0.6636956000000005,3.4100997000000004,银行
2013-08-20,建设银行,0.7866865999999995,3.4100997000000004,银行
2013-08-21,建设银行,0.9506701999999976,3.32918208,银行
2013-08-22,建设银行,0.9506701999999976,3.30606276,银行
2013-08-23,建设银行,0.9916660999999998,3.30606276,银行
2013-08-24,建设银行,1.0736579000000006,3.28294344,银行
2013-08-27,建设银行,1.3670047999999966,3.28294344,银行
2013-08-28,建设银行,1.4468713999999991,3.30220954,银行
2013-08-29,建设银行,1.6066012999999977,3.28294344,银行
2013-08-30,建设银行,1.6465345999999992,3.27138378,银行
2013-08-31,建设银行,1.566668,3.25982412,银行
2013-09-03,建设银行,1.6886679666666673,3.25982412,银行
2013-09-04,建设银行,1.4890047666666677,3.2867966600000003,银行
2013-09-05,建设银行,1.4890047666666677,3.30220954,银行
2013-09-06,建设银行,1.4490714666666662,3.30991598,银行
2013-09-07,建设银行,1.4490714666666662,3.3137692000000003,银行
2013-09-10,建设银行,0.5306220666666697,3.3137692000000003,银行
2013-09-11,建设银行,0.7702185666666708,3.43707224,银行
2013-09-12,建设银行,0.9299484666666692,3.42551258,银行
2013-09-13,建设银行,0.5705553666666711,3.46404478,银行
2013-09-14,建设银行,0.8101518666666685,3.46404478,银行
2013-09-17,建设银行,0.8101518666666685,3.46404478,银行
2013-09-18,建设银行,1.04974506666667,3.4255125800000004,银行
2013-09-19,建设银行,1.0098150666666683,3.40239326,银行
2013-09-24,建设银行,0.9698817666666706,3.40239326,银行
2013-09-25,建设银行,1.24940826666667,3.36771428,银行
2013-09-26,建设银行,1.329274866666669,3.34844818,银行
2013-09-27,建设银行,1.5289380666666688,3.30220954,银行
2013-09-28,建设银行,1.5289380666666688,3.2945031000000005,银行
2013-10-01,建设银行,1.4490714666666662,3.2945031000000005,银行
2013-10-09,建设银行,1.4890047666666677,3.32532886,银行
2013-10-10,建设银行,1.4490714666666662,3.29835632,银行
2013-10-11,建设银行,1.5688713666666698,3.29835632,银行
2013-10-12,建设银行,1.2094782666666717,3.3330353,银行
2013-10-15,建设银行,1.3692081666666702,3.3330353,银行
2013-10-16,建设银行,1.6487346666666696,3.30220954,银行
2013-10-17,建设银行,1.608804666666671,3.2867966600000003,银行
2013-10-18,建设银行,1.608804666666671,3.30220954,银行
2013-10-19,建设银行,1.5688713666666698,3.2867966600000003,银行
2013-10-22,建设银行,1.4490714666666662,3.2867966600000003,银行
2013-10-23,建设银行,1.5688713666666698,3.29835632,银行
2013-10-24,建设银行,1.5688713666666698,3.30606276,银行
2013-10-25,建设银行,1.7286012666666686,3.27138378,银行
2013-10-26,建设银行,1.8084678666666711,3.2559709,银行
2013-10-29,建设银行,2.19506946666667,3.2559709,银行
2013-10-30,建设银行,1.9609839666666709,3.28294344,银行
2013-10-31,建设银行,1.9219680666666683,3.2867966600000003,银行
2013-11-01,建设银行,1.9219680666666683,3.30220954,银行
2013-11-02,建设银行,1.4237999555555554,3.31762242,银行
2013-11-05,建设银行,1.4628158555555582,3.31762242,银行
2013-11-06,建设银行,1.4628158555555582,3.30606276,银行
2013-11-07,建设银行,1.5408443555555564,3.30991598,银行
2013-11-08,建设银行,1.4237999555555554,3.3137692000000003,银行
2013-11-09,建设银行,1.4628158555555582,3.32918208,银行
2013-11-12,建设银行,1.3457714555555569,3.32918208,银行
2013-11-13,建设银行,1.3457714555555569,3.34459496,银行
2013-11-14,建设银行,1.5798569555555557,3.30991598,银行
2013-11-15,建设银行,1.4628158555555582,3.30991598,银行
2013-11-16,建设银行,1.4237999555555554,3.32532886,银行
2013-11-19,建设银行,1.1897144555555563,3.32532886,银行
2013-11-20,建设银行,1.3457714555555569,3.3523013999999995,银行
2013-11-21,建设银行,1.1897144555555563,3.36386106,银行
2013-11-22,建设银行,1.0726733555555583,3.3715675000000003,银行
2013-11-23,建设银行,0.8776004555555588,3.41395292,银行
2013-11-26,建设银行,1.0726733555555583,3.41395292,银行
2013-11-27,建设银行,1.228730355555555,3.3908336,银行
2013-11-28,建设银行,1.1507018555555568,3.3908336,银行
2013-11-29,建设银行,1.0726733555555583,3.39854004,银行
2013-11-30,建设银行,1.1897144555555563,3.38698038,银行
2013-12-03,建设银行,0.7995719555555567,3.38698038,银行
2013-12-04,建设银行,0.8385845555555562,3.45248512,银行
2013-12-05,建设银行,0.8776004555555588,3.44092546,银行
2013-12-06,建设银行,0.9556289555555572,3.4293658,银行
2013-12-07,建设银行,0.9166163555555578,3.42165936,银行
2013-12-10,建设银行,1.0336574555555558,3.42165936,银行
2013-12-11,建设银行,0.9556289555555572,3.4100997000000004,银行
2013-12-12,建设银行,1.228730355555555,3.38312716,银行
2013-12-13,建设银行,1.2677429555555584,3.36386106,银行
2013-12-14,建设银行,1.4237999555555554,3.34459496,银行
2013-12-17,建设银行,1.5798569555555557,3.34459496,银行
2013-12-18,建设银行,1.6188728555555585,3.29835632,银行
2013-12-19,建设银行,1.7749298555555555,3.27138378,银行
2013-12-20,建设银行,1.8139457555555583,3.26367734,银行
2013-12-21,建设银行,2.828316255555558,3.09798888,银行
2013-12-24,建设银行,2.009015355555558,3.09798888,银行
2013-12-25,建设银行,2.126059755555556,3.19046616,银行
2013-12-26,建设银行,2.126059755555556,3.19046616,银行
2013-12-27,建设银行,2.3601452555555547,3.1596404,银行
2013-12-28,建设银行,2.165072355555555,3.1789065,银行
2013-12-31,建设银行,2.321129355555556,3.1789065,银行
2014-01-01,建设银行,2.126059755555556,3.17120006,银行
2014-01-03,建设银行,2.2431008555555567,3.17120006,银行
2014-01-04,建设银行,2.3991611555555568,3.12881464,银行
2014-01-07,建设银行,2.3601452555555547,3.12881464,银行
2014-01-08,建设银行,2.6332466555555563,3.09798888,银行
2014-01-09,建设银行,2.7502877555555583,3.07486956,银行
2014-01-10,建设银行,2.867332155555556,3.0594566800000003,银行
2014-01-11,建设银行,2.828316255555558,3.04789702,银行
2014-01-14,建设银行,2.6332466555555563,3.04789702,银行
2014-01-15,建设银行,2.672259255555557,3.07486956,银行
2014-01-16,建设银行,2.7893036555555564,3.06716312,银行
2014-01-17,建设银行,2.9063447555555566,3.03248414,银行
2014-01-18,建设银行,2.9453606555555574,3.01321804,银行
2014-01-21,建设银行,3.0624017555555563,3.01321804,银行
2014-01-22,建设银行,2.9843732555555564,3.01707126,银行
2014-01-23,建设银行,2.828316255555558,3.03633736,银行
2014-01-24,建设银行,2.9843732555555564,3.02863092,银行
2014-01-25,建设银行,2.9843732555555564,3.02092448,银行
2014-01-28,建设银行,3.0233891555555577,3.02092448,银行
2014-01-29,建设银行,2.9453606555555574,3.0247777,银行
2014-01-30,建设银行,2.828316255555558,3.0440438,银行
2014-01-31,建设银行,2.9063447555555566,3.03633736,银行
2014-02-08,建设银行,2.9453606555555574,3.03633736,银行
2014-02-11,建设银行,2.9453606555555574,3.01707126,银行
2014-02-12,建设银行,2.672259255555557,3.0633098999999997,银行
2014-02-13,建设银行,2.7502877555555583,3.07486956,银行
2014-02-14,建设银行,2.7502877555555583,3.08642922,银行
2014-02-15,建设银行,2.672259255555557,3.07872278,银行
2014-02-18,建设银行,2.6332466555555563,3.07872278,银行
2014-02-19,建设银行,2.828316255555558,3.06716312,银行
2014-02-20,建设银行,2.5942307555555573,3.07872278,银行
2014-02-21,建设银行,2.7112751555555565,3.09028244,银行
2014-02-22,建设银行,2.828316255555558,3.0633098999999997,银行
2014-02-25,建设银行,3.1014176555555566,3.0633098999999997,银行
2014-02-26,建设银行,3.1014176555555566,2.9862455000000003,银行
2014-02-27,建设银行,3.2184620555555563,2.98239228,银行
2014-02-28,建设银行,3.1014176555555566,2.97468584,银行
2014-03-01,建设银行,3.2184620555555563,2.97468584,银行
2014-03-04,建设银行,3.296490555555556,2.97468584,银行
2014-03-05,建设银行,3.296490555555556,2.9477132999999998,银行
2014-03-06,建设银行,3.3355031555555565,2.9477132999999998,银行
2014-03-07,建设银行,3.2574746555555567,2.95927296,银行
2014-03-08,建设银行,3.3355031555555565,2.96312618,银行
2014-03-11,建设银行,3.5305760555555565,2.96312618,银行
2014-03-12,建设银行,3.5305760555555565,2.9091811,银行
2014-03-13,建设银行,3.5305760555555565,2.9091811,银行
2014-03-14,建设银行,3.3745190555555564,2.95927296,银行
2014-03-15,建设银行,3.4135316555555573,2.92074076,银行
2014-03-18,建设银行,3.3745190555555564,2.92074076,银行
2014-03-19,建设银行,3.4135316555555573,2.93615364,银行
2014-03-20,建设银行,3.5305760555555565,2.9168875400000003,银行
2014-03-21,建设银行,3.5305760555555565,2.92074076,银行
2014-03-22,建设银行,3.1794461555555564,2.9477132999999998,银行
2014-03-25,建设银行,3.1014176555555566,2.9477132999999998,银行
2014-03-26,建设银行,3.1794461555555564,2.9862455000000003,银行
2014-03-27,建设银行,3.1014176555555566,3.0016583800000003,银行
2014-03-28,建设银行,2.9843732555555564,3.01321804,银行
2014-03-29,建设银行,2.7112751555555565,3.0594566800000003,银行
2014-04-01,建设银行,2.9039588555555564,3.0594566800000003,银行
2014-04-02,建设银行,2.8270886555555563,3.1018421000000003,银行
2014-04-03,建设银行,2.8270886555555563,3.09413566,银行
2014-04-04,建设银行,3.0961343555555563,3.07486956,银行
2014-04-05,建设银行,2.942393955555556,3.05560346,银行
2014-04-09,建设银行,2.7886535555555563,3.05560346,银行
2014-04-10,建设银行,2.7886535555555563,3.1018421000000003,银行
2014-04-11,建设银行,2.5964780555555578,3.1211082,银行
2014-04-12,建设银行,2.6733482555555583,3.13266786,银行
2014-04-15,建设银行,2.7117833555555566,3.13266786,银行
2014-04-16,建设银行,2.9039588555555564,3.1018421000000003,银行
2014-04-17,建设银行,2.8270886555555563,3.09028244,银行
2014-04-18,建设银行,2.942393955555556,3.09028244,银行
2014-04-19,建设银行,2.980829055555557,3.0633098999999997,银行
2014-04-22,建设银行,3.0961343555555563,3.0633098999999997,银行
2014-04-23,建设银行,3.019264155555556,3.05175024,银行
2014-04-24,建设银行,3.0576992555555567,3.05175024,银行
2014-04-25,建设银行,3.0576992555555567,3.05175024,银行
2014-04-26,建设银行,3.019264155555556,3.05945668,银行
2014-04-29,建设银行,3.019264155555556,3.05945668,银行
2014-04-30,建设银行,3.4102580555555573,3.05945668,银行
2014-05-01,建设银行,3.4849700555555563,3.05945668,银行
2014-05-06,建设银行,3.309837166666668,3.05945668,银行
2014-05-07,建设银行,3.3471931666666688,3.04789702,银行
2014-05-08,建设银行,3.3471931666666688,3.04019058,银行
2014-05-09,建设银行,3.2724811666666684,3.05560346,银行
2014-05-10,建设银行,3.235125166666668,3.05175024,银行
2014-05-13,建设银行,3.1230571666666687,3.05175024,银行
2014-05-14,建设银行,3.1977691666666685,3.07101634,银行
2014-05-15,建设银行,3.235125166666668,3.06716312,银行
2014-05-16,建设银行,3.160413166666668,3.07101634,银行
2014-05-17,建设银行,3.1230571666666687,3.07486956,银行
2014-05-20,建设银行,3.160413166666668,3.07486956,银行
2014-05-21,建设银行,3.160413166666668,3.06716312,银行
2014-05-22,建设银行,3.1230571666666687,3.07101634,银行
2014-05-23,建设银行,3.0857011666666683,3.08642922,银行
2014-05-24,建设银行,3.048341866666668,3.09028244,银行
2014-05-27,建设银行,3.048341866666668,3.09028244,银行
2014-05-28,建设银行,3.048341866666668,3.1018421000000003,银行
2014-05-29,建设银行,2.898917866666668,3.11340176,银行
2014-05-30,建设银行,2.9362738666666717,3.12881464,银行
2014-05-31,建设银行,3.0109858666666707,3.10954854,银行
2014-06-04,建设银行,2.9362738666666717,3.10954854,银行
2014-06-05,建设银行,3.048341866666668,3.10954854,银行
2014-06-06,建设银行,2.8615618666666687,3.1211082,银行
2014-06-07,建设银行,2.9362738666666717,3.13652108,银行
2014-06-10,建设银行,2.786849866666669,3.13652108,银行
2014-06-11,建设银行,2.637425866666668,3.16349362,银行
2014-06-12,建设银行,2.637425866666668,3.18661294,银行
2014-06-13,建设银行,2.637425866666668,3.18661294,银行
2014-06-14,建设银行,2.888928766666668,3.19431938,银行
2014-06-17,建设银行,2.413289866666668,3.19431938,银行
2014-06-18,建设银行,2.5627138666666682,3.20202582,银行
2014-06-19,建设银行,2.6000698666666686,3.18661294,银行
2014-06-20,建设银行,2.7121378666666693,3.1789065,银行
2014-06-21,建设银行,2.6000698666666686,3.17505328,银行
2014-06-24,建设银行,2.6747818666666685,3.17505328,银行
2014-06-25,建设银行,2.6747818666666685,3.17120006,银行
2014-06-26,建设银行,2.7494938666666684,3.16734684,银行
2014-06-27,建设银行,2.7121378666666693,3.16734684,银行
2014-06-28,建设银行,2.7121378666666693,3.16734684,银行
2014-07-01,建设银行,2.637425866666668,3.16734684,银行
2014-07-02,建设银行,2.637425866666668,3.1789065,银行
2014-07-03,建设银行,2.637425866666668,3.1789065,银行
2014-07-04,建设银行,2.488001866666668,3.1981726000000004,银行
2014-07-05,建设银行,2.413289866666668,3.2174387,银行
2014-07-08,建设银行,2.375933866666669,3.2174387,银行
2014-07-09,建设银行,2.301221866666669,3.2367048,银行
2014-07-10,建设银行,2.375933866666669,3.24055802,银行
2014-07-11,建设银行,3.608685166666668,3.215959375,银行
2014-07-12,建设银行,3.496617166666669,3.22840825,银行
2014-07-15,建设银行,3.496617166666669,3.22840825,银行
2014-07-16,建设银行,3.3845491666666683,3.249156375,银行
2014-07-17,建设银行,3.3845491666666683,3.257455625,银行
2014-07-18,建设银行,3.459261166666668,3.249156375,银行
2014-07-19,建设银行,3.496617166666669,3.240857125,银行
2014-07-22,建设银行,3.496617166666669,3.240857125,银行
2014-07-23,建设银行,3.496617166666669,3.232557875,银行
2014-07-24,建设银行,3.3845491666666683,3.249156375,银行
2014-07-25,建设银行,3.160413166666668,3.290652625,银行
2014-07-26,建设银行,3.048341866666668,3.323849625,银行
2014-07-29,建设银行,2.5253578666666687,3.323849625,银行
2014-07-30,建设银行,2.5253578666666687,3.452488,银行
2014-07-31,建设银行,2.7121378666666693,3.42759025,银行
2014-08-01,建设银行,2.5627138666666682,3.42759025,银行
2014-08-02,建设银行,2.5627138666666682,3.456637625,银行
2014-08-05,建设银行,2.5627138666666682,3.456637625,银行
2014-08-06,建设银行,2.450645866666669,3.46078725,银行
2014-08-07,建设银行,2.450645866666669,3.440039125,银行
2014-08-08,建设银行,2.786849866666669,3.415141375,银行
2014-08-09,建设银行,2.786849866666669,3.3943932500000003,银行
2014-08-12,建设银行,2.6747818666666685,3.3943932500000003,银行
2014-08-13,建设银行,2.6747818666666685,3.406842125,银行
2014-08-14,建设银行,2.637425866666668,3.41099175,银行
2014-08-15,建设银行,2.7494938666666684,3.41099175,银行
2014-08-16,建设银行,2.7494938666666684,3.406842125,银行
2014-08-19,建设银行,2.7121378666666693,3.406842125,银行
2014-08-20,建设银行,2.7121378666666693,3.4026925,银行
2014-08-21,建设银行,2.7494938666666684,3.398542875,银行
2014-08-22,建设银行,2.8615618666666687,3.373645125,银行
2014-08-23,建设银行,2.8615618666666687,3.373645125,银行
2014-08-26,建设银行,2.9362738666666717,3.373645125,银行
2014-08-27,建设银行,2.898917866666668,3.365345875,银行
2014-08-28,建设银行,2.898917866666668,3.36119625,银行
2014-08-29,建设银行,3.1230571666666687,3.3362985000000003,银行
2014-08-30,建设银行,3.048341866666668,3.3238496250000003,银行
2014-09-02,建设银行,3.3512214333333312,3.3238496250000003,银行
2014-09-03,建设银行,3.1318044333333326,3.352897,银行
2014-09-04,建设银行,3.1318044333333326,3.3985428750000004,银行
2014-09-05,建设银行,2.9123874333333326,3.4192910000000003,银行
2014-09-06,建设银行,2.9123874333333326,3.4441887500000004,银行
2014-09-10,建设银行,2.839249533333332,3.4441887500000004,银行
2014-09-11,建设银行,2.985525333333332,3.4192910000000003,银行
2014-09-12,建设银行,3.3512214333333312,3.423440625,银行
2014-09-13,建设银行,2.8026789333333326,3.415141375,银行
2014-09-16,建设银行,2.948958033333332,3.415141375,银行
2014-09-17,建设银行,2.985525333333332,3.423440625,银行
2014-09-18,建设银行,2.985525333333332,3.415141375,银行
2014-09-19,建设银行,2.985525333333332,3.406842125,银行
2014-09-20,建设银行,2.948958033333332,3.415141375,银行
2014-09-23,建设银行,2.948958033333332,3.415141375,银行
2014-09-24,建设银行,3.204942333333335,3.37779475,银行
2014-09-25,建设银行,2.985525333333332,3.3860940000000004,银行
2014-09-26,建设银行,3.0220959333333326,3.41099175,银行
2014-09-27,建设银行,3.0220959333333326,3.4026925,银行
2014-09-30,建设银行,3.095233833333332,3.4026925,银行
2014-10-01,建设银行,3.095233833333332,3.3860940000000004,银行
2014-10-09,建设银行,3.058666533333332,3.3860940000000004,银行
2014-10-10,建设银行,3.058666533333332,3.3943932500000003,银行
2014-10-11,建设银行,3.058666533333332,3.381944375,银行
2014-10-14,建设银行,3.241512933333333,3.381944375,银行
2014-10-15,建设银行,3.168375033333332,3.365345875,银行
2014-10-16,建设银行,3.168375033333332,3.3694955,银行
2014-10-17,建设银行,3.095233833333332,3.3860940000000004,银行
2014-10-18,建设银行,3.095233833333332,3.381944375,银行
2014-10-21,建设银行,3.058666533333332,3.381944375,银行
2014-10-22,建设银行,3.168375033333332,3.373645125,银行
2014-10-23,建设银行,3.168375033333332,3.3694955,银行
2014-10-24,建设银行,3.168375033333332,3.3694955,银行
2014-10-25,建设银行,3.390666333333332,3.357046625,银行
2014-10-28,建设银行,3.6073311333333336,3.357046625,银行
2014-10-29,建设银行,3.4267749333333324,3.332148875,银行
2014-10-30,建设银行,3.3184425333333336,3.365345875,银行
2014-10-31,建设银行,3.246222033333334,3.381944375,银行
2014-11-01,建设银行,2.921224833333333,3.456637625,银行
2014-11-04,建设银行,2.6328880555555583,3.456637625,银行
2014-11-05,建设银行,2.5606675555555576,3.4358894999999996,银行
2014-11-06,建设银行,2.668999955555556,3.440039125,银行
2014-11-07,建设银行,2.668999955555556,3.42759025,银行
2014-11-08,建设银行,2.6328880555555583,3.44418875,银行
2014-11-11,建设银行,2.4162232555555563,3.44418875,银行
2014-11-12,建设银行,1.9106698555555572,3.6018745,银行
2014-11-13,建设银行,2.0190055555555557,3.556228625,银行
2014-11-14,建设银行,2.055114155555556,3.606024125,银行
2014-11-15,建设银行,1.802337455555556,3.589425625,银行
2014-11-18,建设银行,2.0912260555555555,3.589425625,银行
2014-11-19,建设银行,2.4162232555555563,3.523031625,银行
2014-11-20,建设银行,2.452335155555557,3.47738575,银行
2014-11-21,建设银行,2.5245556555555577,3.456637625,银行
2014-11-22,建设银行,2.344002755555556,3.481535375,银行
2014-11-25,建设银行,2.5606675555555576,3.481535375,银行
2014-11-26,建设银行,2.127337955555557,3.5354805,银行
2014-11-27,建设银行,1.874561255555557,3.581126375,银行
2014-11-28,建设银行,1.7301169555555551,3.6350714999999996,银行
2014-11-29,建设银行,0.6106810555555562,3.7844580000000003,银行
2014-12-02,建设银行,0.28568055555555816,3.7844580000000003,银行
2014-12-03,建设银行,-0.7254229444444427,4.0998295,银行
2014-12-04,建设银行,-0.2559814444444441,4.182822,银行
2014-12-05,建设银行,-1.122643944444441,4.195270875,银行
2014-12-06,建设银行,-3.0004099444444416,4.514792,银行
2014-12-09,建设银行,-4.480954944444441,4.514792,银行
2014-12-10,建设银行,-2.350412244444442,4.83846275,银行
2014-12-11,建设银行,-2.783745144444442,4.527240875,银行
2014-12-12,建设银行,-2.1337474444444418,4.5977845,银行
2014-12-13,建设银行,-2.061526944444441,4.552138625,银行
2014-12-16,建设银行,-1.5559735444444414,4.552138625,银行
2014-12-17,建设银行,-2.783745144444442,4.535540125,银行
2014-12-18,建设银行,-3.8670691444444434,4.8301635,银行
2014-12-19,建设银行,-3.2170747444444423,4.85506125,银行
2014-12-20,建设银行,-4.408734444444446,4.92145525,银行
2014-12-23,建设银行,-6.214276644444442,4.92145525,银行
2014-12-24,建设银行,-5.022616944444444,5.357165875,银行
2014-12-25,建设银行,-3.7948486444444423,5.041794375,银行
2014-12-26,建设银行,-5.239285044444443,5.10403875,银行
2014-12-27,建设银行,-5.817058944444443,5.2866222500000015,银行
2014-12-30,建设银行,-5.600394144444443,5.2866222500000015,银行
2014-12-31,建设银行,-6.1420561444444415,5.382063625000002,银行
2015-01-01,建设银行,-6.719830044444442,5.510701999999999,银行
2015-01-06,建设银行,-7.4059363444444415,5.510701999999999,银行
2015-01-07,建设银行,-7.044827244444442,5.797026125,银行
2015-01-08,建设银行,-6.358720944444442,5.523150875,银行
2015-01-09,建设银行,-5.347617444444445,5.3945125,银行
2015-01-10,建设银行,-5.528170344444443,5.390362875,银行
2015-01-13,建设银行,-4.986508344444445,5.390362875,银行
2015-01-14,建设银行,-4.733731644444443,5.157983874999998,银行
2015-01-15,建设银行,-5.275393644444441,5.2285275,银行
2015-01-16,建设银行,-6.069835644444442,5.31981925,银行
2015-01-17,建设银行,-6.3948328444444416,5.481654625,银行
2015-01-20,建设银行,-4.011513444444444,5.481654625,银行
2015-01-21,建设银行,-3.8670691444444434,4.933904125,银行
2015-01-22,建设银行,-5.058728844444445,5.066692125,银行
2015-01-23,建设银行,-4.805952144444441,5.15383425,银行
2015-01-24,建设银行,-4.842064044444442,5.1953305,银行
2015-01-27,建设银行,-4.625399244444441,5.1953305,银行
2015-01-28,建设银行,-4.155957744444444,5.012747,银行
2015-01-29,建设银行,-3.975401544444441,4.967101125,银行
2015-01-30,建设银行,-3.6504043444444423,4.867510125,银行
2015-01-31,建设银行,-3.5420719444444413,4.879959,银行
2015-02-03,建设银行,-2.892077544444444,4.879959,银行
2015-02-04,建设银行,-3.3976276444444444,4.7637694999999995,银行
2015-02-05,建设银行,-3.0726304444444423,4.817714625000002,银行
2015-02-06,建设银行,-2.783745144444442,4.83846275,银行
2015-02-07,建设银行,-2.242079844444444,4.5936348749999985,银行
2015-02-10,建设银行,-2.350412244444442,4.5936348749999985,银行
2015-02-11,建设银行,-2.5670770444444417,4.5977845,银行
2015-02-12,建设银行,-2.494856544444442,4.614383,银行
2015-02-13,建设银行,-2.4226360444444417,4.57288675,银行
2015-02-14,建设银行,-2.603188944444444,4.6475800000000005,银行
2015-02-17,建设银行,-2.5670770444444417,4.6475800000000005,银行
2015-02-18,建设银行,-2.639300844444442,4.65587925,银行
2015-02-26,建设银行,-2.4226360444444417,4.65587925,银行
2015-02-27,建设银行,-2.9281861444444424,4.6434303749999986,银行
2015-02-28,建设银行,-2.9642980444444404,4.7181236250000005,银行
2015-03-03,建设银行,-3.1087423444444435,4.7181236250000005,银行
2015-03-04,建设银行,-2.386524144444444,4.651729625,银行
2015-03-05,建设银行,-2.2781917444444453,4.568737125,银行
2015-03-06,建设银行,-1.73652644444444,4.4857446250000015,银行
2015-03-07,建设银行,-1.8809707444444437,4.460846875,银行
2015-03-10,建设银行,-3.0004099444444416,4.460846875,银行
2015-03-11,建设银行,-2.530968444444444,4.651729625,银行
2015-03-12,建设银行,-2.783745144444442,4.6890762499999985,银行
2015-03-13,建设银行,-3.5059600444444428,4.82186425,银行
2015-03-14,建设银行,-3.3976276444444444,4.867510125,银行
2015-03-17,建设银行,-3.614292444444441,4.867510125,银行
2015-03-18,建设银行,-3.8309605444444412,4.900707125,银行
2015-03-19,建设银行,-4.480954944444441,5.0002981250000005,银行
2015-03-20,建设银行,-4.228178244444444,5.0293455,银行
2015-03-21,建设银行,-4.480954944444441,5.058392875,银行
2015-03-24,建设银行,-4.733731644444443,5.058392875,银行
2015-03-25,建设银行,-4.589287344444443,5.133086125,银行
2015-03-26,建设银行,-4.011513444444444,5.02104625,银行
2015-03-27,建设银行,-4.011513444444444,4.950502625,银行
2015-03-28,建设银行,-4.0476253444444446,4.97125075,银行
2015-03-31,建设银行,-4.8329263444444415,4.97125075,银行
2015-04-01,建设银行,-4.507011744444443,5.1413853750000005,银行
2015-04-02,建设银行,-4.6880761444444445,5.08744025,银行
2015-04-03,建设银行,-4.543225944444443,5.074991375,银行
2015-04-04,建设银行,-4.5794368444444435,5.0500936250000015,银行
2015-04-08,建设银行,-5.158844244444441,5.0500936250000015,银行
2015-04-09,建设银行,-5.448544644444443,5.207779375,银行
2015-04-10,建设银行,-5.520969744444443,5.31981925,银行
2015-04-11,建设银行,-5.919312744444444,5.332268125,银行
2015-04-14,建设银行,-7.585099944444443,5.332268125,银行
2015-04-15,建设银行,-7.4402497444444435,5.714033625,银行
2015-04-16,建设银行,-7.911014544444442,5.863420124999998,银行
2015-04-17,建设银行,-8.490421944444442,5.86756975,银行
2015-04-18,建设银行,-8.454207744444442,6.004507375,银行
2015-04-21,建设银行,-7.186760244444442,6.004507375,银行
2015-04-22,建设银行,-7.4402497444444435,5.655938875,银行
2015-04-23,建设银行,-7.766164344444443,5.767978749999998,银行
2015-04-24,建设银行,-7.404035544444443,5.767978749999998,银行
2015-04-25,建设银行,-6.715992144444442,5.577096,银行
2015-04-28,建设银行,-7.693739244444443,5.577096,银行
2015-04-29,建设银行,-8.273143344444442,5.9879088750000005,银行
2015-04-30,建设银行,-7.693739244444443,5.8011757500000005,银行
2015-05-01,建设银行,-7.090311144444442,5.743081,银行
2015-05-05,建设银行,-8.299680899999998,5.743081,银行
2015-05-06,建设银行,-7.039011599999999,5.5646471250000005,银行
2015-05-07,建设银行,-6.858914100000001,5.4609065,银行
2015-05-08,建设银行,-6.4627062,5.357165875,银行
2015-05-09,建设银行,-6.750858900000001,5.340567375,银行
2015-05-12,建设银行,-7.0750311,5.340567375,银行
2015-05-13,建设银行,-7.1830862999999985,5.444308,银行
2015-05-14,建设银行,-7.435222799999997,5.543899,银行
2015-05-15,建设银行,-7.219105800000001,5.514851625,银行
2015-05-16,建设银行,-6.6067809,5.3945125,银行
2015-05-19,建设银行,-6.174553499999997,5.3945125,银行
2015-05-20,建设银行,-6.858914100000001,5.31981925,银行
2015-05-21,建设银行,-6.822897900000001,5.411111,银行
2015-05-22,建设银行,-6.822897900000001,5.36961475,银行
2015-05-23,建设银行,-7.471242299999999,5.477505000000001,银行
2015-05-26,建设银行,-8.047547700000003,5.477505000000001,银行
2015-05-27,建设银行,-8.1195867,5.6600885000000005,银行
2015-05-28,建设银行,-7.795414500000001,5.631041125,银行
2015-05-29,建设银行,-6.3546476999999975,5.448457625,银行
2015-05-30,建设银行,-6.390667199999998,5.3322681250000015,银行
2015-06-02,建设银行,-7.543278000000001,5.3322681250000015,银行
2015-06-03,建设银行,-7.507258499999999,5.523150875000002,银行
2015-06-04,建设银行,-7.3992033,5.510701999999999,银行
2015-06-05,建设银行,-8.371719899999999,5.639340375,银行
2015-06-06,建设银行,-8.2636614,5.759679500000002,银行
2015-06-09,建设银行,-9.9925809,5.759679500000002,银行
2015-06-10,建设银行,-9.596369699999999,6.0543028749999985,银行
2015-06-11,建设银行,-9.236178,5.958861499999999,银行
2015-06-12,建设银行,-8.912005800000001,5.8924675,银行
2015-06-13,建设银行,-9.0560838,5.855120875,银行
2015-06-16,建设银行,-8.299680899999998,5.855120875,银行
2015-06-17,建设银行,-8.083567200000001,5.689135875,银行
2015-06-18,建设银行,-8.6598726,5.776278,银行
2015-06-19,建设银行,-7.579297499999999,5.647639625,银行
2015-06-20,建设银行,-6.4627062,5.444308,银行
2015-06-24,建设银行,-7.219105800000001,5.444308,银行
2015-06-25,建设银行,-7.9394892000000015,5.560497499999999,银行
2015-06-26,建设银行,-7.651336499999998,5.676687,银行
2015-06-27,建设银行,-6.786878399999999,5.411111,银行
2015-06-30,建设银行,-7.291144799999998,5.411111,银行
2015-07-01,建设银行,-9.128119499999997,5.680836625,银行
2015-07-02,建设银行,-6.642800400000002,5.70943102,银行
2015-07-03,建设银行,-7.543278000000001,5.62279322,银行
2015-07-04,建设银行,-6.1025145000000025,5.60546566,银行
2015-07-07,建设银行,-7.903469700000002,5.60546566,银行
2015-07-08,建设银行,-10.352772600000002,6.09496923,银行
2015-07-09,建设银行,-8.083567200000001,6.13828813,银行
2015-07-10,建设银行,-8.8039473,5.97367631,银行
2015-07-11,建设银行,-9.092103299999998,6.13395624,银行
2015-07-14,建设银行,-8.047547700000003,6.13395624,银行
2015-07-15,建设银行,-7.579297499999999,5.77440937,银行
2015-07-16,建设银行,-7.795414500000001,5.82206016,银行
2015-07-17,建设银行,-7.471242299999999,5.80040071,银行
2015-07-18,建设银行,-7.435222799999997,5.77007748,银行
2015-07-21,建设银行,-7.255125299999999,5.77007748,银行
2015-07-22,建设银行,-6.894933599999997,5.6747759,银行
2015-07-23,建设银行,-6.714839399999999,5.60546566,银行
2015-07-24,建设银行,-6.966972600000003,5.62712511,银行
2015-07-25,建设银行,-6.714839399999999,5.631457,银行
2015-07-28,建设银行,-4.913884199999998,5.631457,银行
2015-07-29,建设银行,-5.5982448,5.20693178,银行
2015-07-30,建设银行,-5.562228600000001,5.2979014699999984,银行
2015-07-31,建设银行,-5.166017400000001,5.25025068,银行
2015-08-01,建设银行,-5.2020369,5.198268,银行
2015-08-04,建设银行,-5.742322799999999,5.198268,银行
2015-08-05,建设银行,-5.742322799999999,5.3325565899999985,银行
2015-08-06,建设银行,-5.274072599999999,5.28923769,银行
2015-08-07,建设银行,-5.1299978999999984,5.23725501,银行
2015-08-08,建设银行,-5.274072599999999,5.23725501,银行
2015-08-11,建设银行,-5.6702838,5.23725501,银行
2015-08-12,建设银行,-5.4181506000000015,5.2979014699999984,银行
2015-08-13,建设银行,-5.0939783999999975,5.22425934,银行
2015-08-14,建设银行,-5.1299978999999984,5.20259989,银行
2015-08-15,建设银行,-5.021939400000001,5.20259989,银行
2015-08-18,建设银行,-4.805825700000001,5.20259989,银行
2015-08-19,建设银行,-4.049422799999999,5.05531563,银行
2015-08-20,建设银行,-3.869328600000003,4.87770814,银行
2015-08-21,建设银行,-3.6171954,4.8993675900000015,银行
2015-08-22,建设银行,-3.184964700000002,4.80406601,银行
2015-08-25,建设银行,-1.203911999999999,4.80406601,银行
2015-08-26,建设银行,-0.015281699999999175,4.15428251,银行
2015-08-27,建设银行,-0.8797397999999994,4.0936360500000015,银行
2015-08-28,建设银行,-1.9603149,4.30156677,银行
2015-08-29,建设银行,-1.9603149,4.42719158,银行
2015-09-01,建设银行,-2.0677200000000013,4.42719158,银行
2015-09-02,建设银行,-3.7871249000000016,4.65678175,银行
2015-09-03,建设银行,-4.867660400000002,4.96001405,银行
2015-09-08,建设银行,-2.9947322000000014,4.96001405,银行
2015-09-09,建设银行,-3.246855499999999,4.66977742,银行
2015-09-10,建设银行,-3.3549107000000014,4.73042388,银行
2015-09-11,建设银行,-3.4989820999999988,4.77374278,银行
2015-09-12,建设银行,-3.282875000000004,4.7954022300000005,银行
2015-09-15,建设银行,-3.535001600000001,4.7954022300000005,银行
2015-09-16,建设银行,-3.390926900000004,4.808397900000001,银行
2015-09-17,建设银行,-3.4989820999999988,4.75208333,银行
2015-09-18,建设银行,-3.1748198000000016,4.76941089,银行
2015-09-19,建设银行,-3.1027841000000014,4.721760099999999,银行
2015-09-22,建设银行,-2.9226965000000007,4.721760099999999,银行
2015-09-23,建设银行,-3.0667679000000017,4.68710498,银行
2015-09-24,建设银行,-2.598534200000003,4.62645852,银行
2015-09-25,建设银行,-2.5264985000000024,4.5788077299999985,银行
2015-09-26,建设银行,-2.598534200000003,4.56581206,银行
2015-09-29,建设银行,-2.4544628000000017,4.56581206,银行
2015-09-30,建设银行,-2.1663200000000025,4.49650182,银行
2015-10-01,建设银行,-2.202339500000001,4.50083371,银行
2015-10-09,建设银行,-2.5625180000000007,4.50083371,银行
2015-10-10,建设银行,-2.7065893999999986,4.5961352899999985,银行
2015-10-13,建设银行,-3.1388035999999992,4.5961352899999985,银行
2015-10-14,建设银行,-3.0667679000000017,4.69143687,银行
2015-10-15,建设银行,-2.8866770000000024,4.66977742,银行
2015-10-16,建设银行,-3.1027841000000014,4.66544553,银行
2015-10-17,建设银行,-3.2108392999999995,4.73908766,银行
2015-10-20,建设银行,-3.246855499999999,4.73908766,银行
2015-10-21,建设银行,-3.282875000000004,4.71742821,银行
2015-10-22,建设银行,-3.3549107000000014,4.7954022300000005,银行
2015-10-23,建设银行,-3.4989820999999988,4.80406601,银行
2015-10-24,建设银行,-3.5710178,4.7954022300000005,银行
2015-10-27,建设银行,-3.6430535000000006,4.7954022300000005,银行
2015-10-28,建设银行,-3.4269464000000016,4.78673845,银行
2015-10-29,建设银行,-3.318891200000003,4.765079,银行
2015-10-30,建设银行,-3.282875000000004,4.75641522,银行
2015-10-31,建设银行,-3.2806342999999987,4.75641522,银行
2015-11-03,建设银行,-3.4793887222222217,4.75641522,银行
2015-11-04,建设银行,-3.1552627222222185,4.66544553,银行
2015-11-05,建设银行,-3.7674985222222186,4.71309632,银行
2015-11-06,建设银行,-4.2716923222222185,4.86904436,银行
2015-11-07,建设银行,-4.451760122222222,4.89070381,银行
2015-11-10,建设银行,-5.388118622222218,4.89070381,银行
2015-11-11,建设银行,-5.208050822222218,5.11596209,银行
2015-11-12,建设银行,-5.02797972222222,5.07264319,银行
2015-11-13,建设银行,-4.6678441222222204,5.02932429,银行
2015-11-14,建设银行,-4.451760122222222,4.97734161,银行
2015-11-17,建设银行,-4.487773022222218,4.97734161,银行
2015-11-18,建设银行,-4.5598021222222185,5.003332950000001,银行
2015-11-19,建设银行,-4.5598021222222185,4.97734161,银行
2015-11-20,建设银行,-4.631827922222218,4.96434594,银行
2015-11-21,建设银行,-4.631827922222218,4.97734161,银行
2015-11-24,建设银行,-4.487773022222218,4.97734161,银行
2015-11-25,建设银行,-4.52378922222222,4.938354599999999,银行
2015-11-26,建设银行,-4.739869922222218,4.986005390000001,银行
2015-11-27,建设银行,-4.7758828222222185,5.03365618,银行
2015-11-28,建设银行,-4.415747222222219,4.94701838,银行
2015-12-01,建设银行,-4.70385702222222,4.94701838,银行
2015-12-02,建设银行,-4.3797343222222205,4.938354599999999,银行
2015-12-03,建设银行,-5.388118622222218,5.05531563,银行
2015-12-04,建设银行,-6.108393122222218,5.25891446,银行
2015-12-05,建设银行,-5.208050822222218,5.18960422,银行
2015-12-08,建设银行,-4.991966822222217,5.18960422,银行
2015-12-09,建设银行,-4.631827922222218,5.01199673,银行
2015-12-10,建设银行,-4.847911922222219,5.020660510000001,银行
2015-12-11,建设银行,-4.739869922222218,5.0683113,银行
2015-12-12,建设银行,-4.487773022222218,4.95568216,银行
2015-12-15,建设银行,-4.88392482222222,4.95568216,银行
2015-12-16,建设银行,-4.595815022222221,5.01632862,银行
2015-12-17,建设银行,-4.595815022222221,4.9816735,银行
2015-12-18,建设银行,-4.739869922222218,5.003332950000001,银行
2015-12-19,建设银行,-4.88392482222222,5.07697508,银行
2015-12-22,建设银行,-5.244063722222219,5.07697508,银行
2015-12-23,建设银行,-5.100008822222222,5.09863453,银行
2015-12-24,建设银行,-5.1720346222222195,5.11596209,银行
2015-12-25,建设银行,-5.1720346222222195,5.09430264,银行
2015-12-26,建设银行,-5.1720346222222195,5.10729831,银行
2015-12-29,建设银行,-4.739869922222218,5.10729831,银行
2015-12-30,建设银行,-4.811899022222222,5.01199673,银行
2015-12-31,建设银行,-4.7758828222222185,4.99900106,银行
2016-01-01,建设银行,-4.739869922222218,5.01199673,银行
2016-01-05,建设银行,-4.091621222222224,5.01199673,银行
2016-01-06,建设银行,-4.019595422222217,4.83438924,银行
2016-01-07,建设银行,-4.235676122222221,4.8517168,银行
2016-01-08,建设银行,-3.695469422222221,4.79973412,银行
2016-01-09,建设银行,-3.87554052222222,4.79973412,银行
2016-01-12,建设银行,-3.0112078222222185,4.79973412,银行
2016-01-13,建设银行,-2.9031691222222205,4.60479907,银行
2016-01-14,建设银行,-2.6510722222222185,4.5614801699999985,银行
2016-01-15,建设银行,-2.6870851222222183,4.461846700000001,银行
2016-01-16,建设银行,-2.25492042222222,4.43585536,银行
2016-01-19,建设银行,-2.074849322222221,4.43585536,银行
2016-01-20,建设银行,-2.4710011222222192,4.43585536,银行
2016-01-21,建设银行,-2.25492042222222,4.4185278,银行
2016-01-22,建设银行,-2.038836422222218,4.4185278,银行
2016-01-23,建设银行,-2.11086552222222,4.370877009999999,银行
2016-01-26,建设银行,-2.1828913222222184,4.370877009999999,银行
2016-01-27,建设银行,-1.4626168222222198,4.30156677,银行
2016-01-28,建设银行,-1.3185619222222194,4.197601410000001,银行
2016-01-29,建设银行,-1.030452122222222,4.13262306,银行
2016-01-30,建设银行,-1.2465328222222212,4.145618730000002,银行
2016-02-02,建设银行,-0.8503810222222192,4.145618730000002,银行
2016-02-03,建设银行,-0.9584230222222204,4.08930416,银行
2016-02-04,建设银行,-0.7783552222222205,4.05031715,银行
2016-02-05,建设银行,-0.8863939222222221,4.0763084900000015,银行
2016-02-06,建设银行,-0.8143681222222199,4.0719766,银行
2016-02-16,建设银行,-0.5622712222222184,4.0719766,银行
2016-02-17,建设银行,-0.9584230222222204,4.06764471,银行
2016-02-18,建设银行,-0.9584230222222204,4.08064038,银行
2016-02-19,建设银行,-0.9224101222222209,4.09796794,银行
2016-02-20,建设银行,-0.8143681222222199,4.0763084900000015,银行
2016-02-23,建设银行,-1.13849082222222,4.0763084900000015,银行
2016-02-24,建设银行,-0.9584230222222204,4.10229983,银行
2016-02-25,建设银行,-0.9584230222222204,4.09796794,银行
2016-02-26,建设银行,-0.3822034222222221,4.01566203,银行
2016-02-27,建设银行,-0.5622712222222184,3.99833447,银行
2016-03-01,建设银行,-0.2381485222222217,3.99833447,银行
2016-03-02,建设银行,-0.3822034222222221,3.9420199,银行
2016-03-03,建设银行,-0.8503810222222192,4.01133014,银行
2016-03-04,建设银行,-0.8863939222222221,4.0719766,银行
2016-03-05,建设银行,-1.3545748222222225,4.145618730000002,银行
2016-03-08,建设银行,-1.2465328222222212,4.145618730000002,银行
2016-03-09,建设银行,-1.174507022222219,4.11962739,银行
2016-03-10,建设银行,-1.1024779222222207,4.1152955,银行
2016-03-11,建设银行,-1.0664650222222178,4.14995062,银行
2016-03-12,建设银行,-1.0664650222222178,4.1109636100000015,银行
2016-03-15,建设银行,-1.2105199222222185,4.1109636100000015,银行
2016-03-16,建设银行,-1.2465328222222212,4.15428251,银行
2016-03-17,建设银行,-1.4266039222222204,4.18893763,银行
2016-03-18,建设银行,-1.4626168222222198,4.214928970000001,银行
2016-03-19,建设银行,-1.4266039222222204,4.22359275,银行
2016-03-22,建设银行,-1.5706588222222209,4.22359275,银行
2016-03-23,建设银行,-1.5346426222222185,4.25391598,银行
2016-03-24,建设银行,-1.498629722222223,4.232256530000001,银行
2016-03-25,建设银行,-1.3185619222222194,4.197601410000001,银行
2016-03-26,建设银行,-1.3545748222222225,4.18893763,银行
2016-03-29,建设银行,-1.2825457222222203,4.18893763,银行
2016-03-30,建设银行,-1.2465328222222212,4.17161007,银行
2016-03-31,建设银行,-1.5706588222222209,4.214928970000001,银行
2016-04-01,建设银行,-1.4628610222222207,4.21926086,银行
2016-04-02,建设银行,-1.4266963222222202,4.17594196,银行
2016-04-06,建设银行,-1.4628610222222207,4.17594196,银行
2016-04-07,建设银行,-1.3905349222222227,4.18893763,银行
2016-04-08,建设银行,-1.2097213222222225,4.17161007,银行
2016-04-09,建设银行,-1.1373952222222208,4.12395928,银行
2016-04-12,建设银行,-1.2820474222222202,4.12395928,银行
2016-04-13,建设银行,-1.2097213222222225,4.14128684,银行
2016-04-14,建设银行,-1.3543735222222182,4.180273850000002,银行
2016-04-15,建设银行,-1.3905349222222227,4.180273850000002,银行
2016-04-16,建设银行,-1.3905349222222227,4.18460574,银行
2016-04-19,建设银行,-1.2097213222222225,4.18460574,银行
2016-04-20,建设银行,-1.2097213222222225,4.14128684,银行
2016-04-21,建设银行,-0.9204202222222192,4.08930416,银行
2016-04-22,建设银行,-0.8842555222222188,4.0719766,银行
2016-04-23,建设银行,-0.9204202222222192,4.06331282,银行
2016-04-26,建设银行,-0.8842555222222188,4.06331282,银行
2016-04-27,建设银行,-0.9204202222222192,4.0589809300000015,银行
2016-04-28,建设银行,-0.8480941222222178,4.06764471,银行
2016-04-29,建设银行,-0.9204202222222192,4.0719766,银行
2016-04-30,建设银行,-0.8842555222222188,4.0589809300000015,银行
2016-05-04,建设银行,-2.398172599999997,4.0589809300000015,银行
2016-05-05,建设银行,-2.3261434999999993,4.08930416,银行
2016-05-06,建设银行,-2.398172599999997,4.0936360500000015,银行
2016-05-07,建设银行,-2.218104799999997,4.08930416,银行
2016-05-10,建设银行,-2.074049899999997,4.08930416,银行
2016-05-11,建设银行,-2.218104799999997,4.05031715,银行
2016-05-12,建设银行,-2.2541177,4.06331282,银行
2016-05-13,建设银行,-2.218104799999997,4.05464904,银行
2016-05-14,建设银行,-2.218104799999997,4.0589809300000015,银行
2016-05-17,建设银行,-2.2541177,4.0589809300000015,银行
2016-05-18,建设银行,-2.218104799999997,4.06764471,银行
2016-05-19,建设银行,-2.218104799999997,4.05031715,银行
2016-05-20,建设银行,-2.2541177,4.06331282,银行
2016-05-21,建设银行,-2.290130599999996,4.0719766,银行
2016-05-24,建设银行,-2.398172599999997,4.0719766,银行
2016-05-25,建设银行,-2.4341855,4.1109636100000015,银行
2016-05-26,建设银行,-2.4701983999999992,4.11962739,银行
2016-05-27,建设银行,-2.5062112999999986,4.11962739,银行
2016-05-28,建设银行,-2.542224199999998,4.13695495,银行
2016-05-31,建设银行,-2.6142499999999966,4.13695495,银行
2016-06-01,建设银行,-2.902356499999998,4.197601410000001,银行
2016-06-02,建设银行,-2.8663435999999987,4.214928970000001,银行
2016-06-03,建设银行,-2.8663435999999987,4.21059708,银行
2016-06-04,建设银行,-2.9743856,4.232256530000001,银行
2016-06-07,建设银行,-3.0824242999999982,4.232256530000001,银行
2016-06-08,建设银行,-3.1544500999999965,4.2885710999999995,银行
2016-06-09,建设银行,-3.0103984999999986,4.26257976,银行
2016-06-14,建设银行,-2.8663435999999987,4.26257976,银行
2016-06-15,建设银行,-3.0103984999999986,4.232256530000001,银行
2016-06-16,建设银行,-2.9743856,4.24092031,银行
2016-06-17,建设银行,-2.9383693999999974,4.23658842,银行
2016-06-18,建设银行,-2.9743856,4.24092031,银行
2016-06-21,建设银行,-3.0464113999999984,4.24092031,银行
2016-06-22,建设银行,-3.1184372000000007,4.27557543,银行
2016-06-23,建设银行,-3.2264758999999987,4.27990732,银行
2016-06-24,建设银行,-3.370530799999996,4.31889433,银行
2016-06-25,建设银行,-3.1904629999999994,4.30156677,银行
2016-06-28,建设银行,-3.298504999999997,4.30156677,银行
2016-06-29,建设银行,-3.3345179,4.31889433,银行
2016-06-30,建设银行,-3.370530799999996,4.32755811,银行
2016-07-01,建设银行,-2.4341855,4.335976815,银行
2016-07-02,建设银行,-2.4701983999999992,4.3542913950000015,银行
2016-07-05,建设银行,-2.6142499999999966,4.3542913950000015,银行
2016-07-06,建设银行,-2.6502628999999995,4.390920555,银行
2016-07-07,建设银行,-2.6502628999999995,4.400077845,银行
2016-07-08,建设银行,-2.6502628999999995,4.400077845,银行
2016-07-09,建设银行,-2.4341855,4.37718462,银行
2016-07-12,建设银行,-2.6142499999999966,4.37718462,银行
2016-07-13,建设银行,-3.1544500999999965,4.482493455,银行
2016-07-14,建设银行,-3.550598599999999,4.629010095,银行
2016-07-15,建设银行,-3.370530799999996,4.61527416,银行
2016-07-16,建设银行,-3.658637300000001,4.629010095,银行
2016-07-19,建设银行,-3.9827566999999977,4.629010095,银行
2016-07-20,建设银行,-3.8026888999999984,4.711425705,银行
2016-07-21,建设银行,-3.5145824,4.656481965,银行
2016-07-22,建设银行,-3.5866114999999983,4.64274603,银行
2016-07-23,建设银行,-3.4065436999999985,4.610695515,银行
2016-07-26,建设银行,-3.4425565999999983,4.610695515,银行
2016-07-27,建设银行,-3.6226243999999976,4.629010095,银行
2016-07-28,建设银行,-3.5145824,4.59695958,银行
2016-07-29,建设银行,-3.4425565999999983,4.60611687,银行
2016-07-30,建设银行,-3.550598599999999,4.619852805,银行
2016-08-02,建设银行,-3.658637300000001,4.619852805,银行
2016-08-03,建设银行,-3.658637300000001,4.6519033200000015,银行
2016-08-04,建设银行,-3.550598599999999,4.638167385,银行
2016-08-05,建设银行,-3.4425565999999983,4.61527416,银行
2016-08-06,建设银行,-3.4425565999999983,4.61527416,银行
2016-08-09,建设银行,-3.6226243999999976,4.61527416,银行
2016-08-10,建设银行,-3.694650199999996,4.665639255,银行
2016-08-11,建设银行,-3.7306630999999992,4.670217900000001,银行
2016-08-12,建设银行,-4.018769599999997,4.729740285,银行
2016-08-13,建设银行,-4.5949826,4.830470475,银行
2016-08-16,建设银行,-4.991131099999999,4.830470475,银行
2016-08-17,建设银行,-4.522956800000001,4.92662202,银行
2016-08-18,建设银行,-4.378901900000002,4.84420641,银行
2016-08-19,建设银行,-4.270863199999999,4.82589183,银行
2016-08-20,建设银行,-4.306876099999998,4.80757725,银行
2016-08-23,建设银行,-4.378901900000002,4.80757725,银行
2016-08-24,建设银行,-4.558969699999997,4.86252099,银行
2016-08-25,建设银行,-4.486943899999998,4.8670996350000015,银行
2016-08-26,建设银行,-4.522956800000001,4.88083557,银行
2016-08-27,建设银行,-4.522956800000001,4.8533637,银行
2016-08-30,建设银行,-4.1521655000000015,4.8533637,银行
2016-08-31,建设银行,-4.224013099999999,4.812155895,银行
2016-09-01,建设银行,-4.259936899999998,4.8167345400000015,银行
2016-09-02,建设银行,-4.471578266666663,4.8487850550000005,银行
2016-09-03,建设银行,-4.471578266666663,4.8533637,银行
2016-09-06,建设银行,-4.507502066666662,4.8533637,银行
2016-09-07,建设银行,-4.471578266666663,4.857942345,银行
2016-09-08,建设银行,-4.399727366666665,4.84420641,银行
2016-09-09,建设银行,-4.399727366666665,4.82589183,银行
2016-09-10,建设银行,-4.327879766666663,4.830470475,银行
2016-09-13,建设银行,-3.9686384666666634,4.830470475,银行
2016-09-14,建设银行,-4.004562266666662,4.729740285,银行
2016-09-15,建设银行,-3.860863766666663,4.711425705,银行
2016-09-20,建设银行,-4.004562266666662,4.711425705,银行
2016-09-21,建设银行,-3.932714666666661,4.711425705,银行
2016-09-22,建设银行,-4.004562266666662,4.729740285,银行
2016-09-23,建设银行,-4.148257466666662,4.7617908,银行
2016-09-24,建设银行,-4.220108366666663,4.78010538,银行
2016-09-27,建设银行,-3.9686384666666634,4.78010538,银行
2016-09-28,建设银行,-4.076409866666664,4.72516164,银行
2016-09-29,建设银行,-3.932714666666661,4.72516164,银行
2016-09-30,建设银行,-4.004562266666662,4.7343189300000015,银行
2016-10-01,建设银行,-4.040486066666665,4.748054865,银行
2016-10-11,建设银行,-4.148257466666662,4.748054865,银行
2016-10-12,建设银行,-4.148257466666662,4.7663694450000005,银行
2016-10-13,建设银行,-4.040486066666665,4.74347622,银行
2016-10-14,建设银行,-3.9686384666666634,4.72516164,银行
2016-10-15,建设银行,-3.9686384666666634,4.711425705,银行
2016-10-18,建设银行,-3.896787566666666,4.711425705,银行
2016-10-19,建设银行,-4.004562266666662,4.711425705,银行
2016-10-20,建设银行,-4.004562266666662,4.748054865,银行
2016-10-21,建设银行,-4.040486066666665,4.738897574999998,银行
2016-10-22,建设银行,-4.112333666666666,4.748054865,银行
2016-10-25,建设银行,-4.399727366666665,4.748054865,银行
2016-10-26,建设银行,-4.399727366666665,4.82589183,银行
2016-10-27,建设银行,-4.291955966666661,4.821313185,银行
2016-10-28,建设银行,-4.220108366666663,4.7892626699999985,银行
2016-10-29,建设银行,-4.265308466666662,4.812155895,银行
2016-11-01,建设银行,-4.265308466666662,4.812155895,银行
2016-11-02,建设银行,-4.690190133333333,4.830470475,银行
2016-11-03,建设银行,-4.58277513333333,4.8167345400000015,银行
2016-11-04,建设银行,-4.58277513333333,4.82589183,银行
2016-11-05,建设银行,-4.546970133333334,4.82589183,银行
2016-11-08,建设银行,-4.546970133333334,4.82589183,银行
2016-11-09,建设银行,-4.7259984333333325,4.84420641,银行
2016-11-10,建设银行,-4.618580133333333,4.812155895,银行
2016-11-11,建设银行,-4.761803433333329,4.8533637,银行
2016-11-12,建设银行,-4.797608433333332,4.8533637,银行
2016-11-15,建设银行,-4.833413433333332,4.8533637,银行
2016-11-16,建设银行,-4.761803433333329,4.86252099,银行
2016-11-17,建设银行,-4.761803433333329,4.8533637,银行
2016-11-18,建设银行,-4.761803433333329,4.8533637,银行
2016-11-19,建设银行,-4.690190133333333,4.8487850550000005,银行
2016-11-22,建设银行,-4.797608433333332,4.8487850550000005,银行
2016-11-23,建设银行,-4.940828433333332,4.88083557,银行
2016-11-24,建设银行,-5.084048433333331,4.96325118,银行
2016-11-25,建设银行,-5.048243433333331,4.92662202,银行
2016-11-26,建设银行,-5.656935033333332,5.02735221,银行
2016-11-29,建设银行,-5.764350033333331,5.02735221,银行
2016-11-30,建设银行,-5.9075700333333305,5.141818335,银行
2016-12-01,建设银行,-5.9075700333333305,5.13723969,银行
2016-12-02,建设银行,-5.764350033333331,5.118925109999998,银行
2016-12-03,建设银行,-5.979183333333332,5.160132915,银行
2016-12-06,建设银行,-5.979183333333332,5.160132915,银行
2016-12-07,建设银行,-5.979183333333332,5.13723969,银行
2016-12-08,建设银行,-5.6211300333333325,5.082295950000002,银行
2016-12-09,建设银行,-5.692740033333331,5.0868745949999985,银行
2016-12-10,建设银行,-6.265623333333332,5.17386885,银行
2016-12-13,建设银行,-6.1940133333333325,5.17386885,银行
2016-12-14,建设银行,-5.835960033333332,5.169290205,银行
2016-12-15,建设银行,-5.835960033333332,5.1647115600000015,银行
2016-12-16,建设银行,-5.119853433333331,5.022773565,银行
2016-12-17,建设银行,-5.012438433333331,4.931200665,银行
2016-12-20,建设银行,-5.048243433333331,4.931200665,银行
2016-12-21,建设银行,-4.833413433333332,4.8991501500000005,银行
2016-12-22,建设银行,-4.833413433333332,4.90830744,银行
2016-12-23,建设银行,-4.905023433333332,4.90830744,银行
2016-12-24,建设银行,-4.833413433333332,4.885414215,银行
2016-12-27,建设银行,-4.940828433333332,4.885414215,银行
2016-12-28,建设银行,-4.940828433333332,4.903728795,银行
2016-12-29,建设银行,-4.976633433333332,4.8991501500000005,银行
2016-12-30,建设银行,-5.19146673333333,4.9540938899999984,银行
2016-12-31,建设银行,-5.22727173333333,4.96325118,银行
2017-01-04,建设银行,-5.406296733333333,4.96325118,银行
2017-01-05,建设银行,-5.406296733333333,5.022773565,银行
2017-01-06,建设银行,-5.406296733333333,5.01819492,银行
2017-01-07,建设银行,-5.29888173333333,4.995301695,银行
2017-01-10,建设银行,-5.334686733333333,4.995301695,银行
2017-01-11,建设银行,-5.334686733333333,5.0044589849999985,银行
2017-01-12,建设银行,-5.334686733333333,5.013616275,银行
2017-01-13,建设银行,-5.406296733333333,5.013616275,银行
2017-01-14,建设银行,-5.585325033333333,5.05482408,银行
2017-01-17,建设银行,-5.835960033333332,5.05482408,银行
2017-01-18,建设银行,-5.8717650333333316,5.132661045,银行
2017-01-19,建设银行,-5.8717650333333316,5.1463969800000005,银行
2017-01-20,建设银行,-5.8717650333333316,5.13723969,银行
2017-01-21,建设银行,-5.835960033333332,5.1280824,银行
2017-01-24,建设银行,-5.728545033333331,5.1280824,银行
2017-01-25,建设银行,-5.979183333333332,5.141818335,银行
2017-01-26,建设银行,-6.086598333333329,5.1967620750000005,银行
2017-01-27,建设银行,-6.337233333333333,5.242548525,银行
2017-02-04,建设银行,-6.122403333333333,5.242548525,银行
2017-02-07,建设银行,-6.0149883333333305,5.242548525,银行
2017-02-08,建设银行,-5.979183333333332,5.16471156,银行
2017-02-09,建设银行,-5.979183333333332,5.150975625,银行
2017-02-10,建设银行,-6.086598333333329,5.19218343,银行
2017-02-11,建设银行,-6.229818333333332,5.215076655,银行
2017-02-14,建设银行,-6.408846633333331,5.215076655,银行
2017-02-15,建设银行,-6.480456633333332,5.288334975,银行
2017-02-16,建设银行,-6.945924933333332,5.37532923,银行
2017-02-17,建设银行,-7.017534933333333,5.43943026,银行
2017-02-18,建设银行,-6.7310916333333335,5.389065165,银行
2017-02-21,建设银行,-7.160754933333331,5.389065165,银行
2017-02-22,建设银行,-7.017534933333333,5.462323485,银行
2017-02-23,建设银行,-7.124949933333332,5.43943026,银行
2017-02-24,建设银行,-7.124949933333332,5.45774484,银行
2017-02-25,建设银行,-7.053339933333333,5.44858755,银行
2017-02-28,建设银行,-6.874314933333329,5.44858755,银行
2017-03-01,建设银行,-6.945924933333332,5.407379745,银行
2017-03-02,建设银行,-6.838509933333333,5.4119583900000015,银行
2017-03-03,建设银行,-6.910119933333332,5.416537035,银行
2017-03-04,建设银行,-6.802704933333329,5.3844865199999985,银行
2017-03-07,建设银行,-6.802704933333329,5.3844865199999985,银行
2017-03-08,建设银行,-7.017534933333333,5.416537035,银行
2017-03-09,建设银行,-6.838509933333333,5.416537035,银行
2017-03-10,建设银行,-6.766899933333333,5.389065165,银行
2017-03-11,建设银行,-6.802704933333329,5.37532923,银行
2017-03-14,建设银行,-6.981729933333333,5.37532923,银行
2017-03-15,建设银行,-6.981729933333333,5.434851615,银行
2017-03-16,建设银行,-6.981729933333333,5.416537035,银行
2017-03-17,建设银行,-6.945924933333332,5.44858755,银行
2017-03-18,建设银行,-6.838509933333333,5.4028011,银行
2017-03-21,建设银行,-6.802704933333329,5.4028011,银行
2017-03-22,建设银行,-6.838509933333333,5.39364381,银行
2017-03-23,建设银行,-6.516261633333332,5.334121425,银行
2017-03-24,建设银行,-6.659481633333334,5.334121425,银行
2017-03-25,建设银行,-6.659481633333334,5.334121425,银行
2017-03-28,建设银行,-6.945924933333332,5.334121425,银行
2017-03-29,建设银行,-6.910119933333332,5.4119583900000015,银行
2017-03-30,建设银行,-6.981729933333333,5.416537034999998,银行
2017-03-31,建设银行,-6.88660413333333,5.39364381,银行
2017-04-01,建设银行,-6.9222474333333315,5.43943026,银行
2017-04-06,建设银行,-7.171760433333331,5.43943026,银行
2017-04-07,建设银行,-7.1361171333333315,5.4943740000000005,银行
2017-04-08,建设银行,-7.2074070333333315,5.498952645,银行
2017-04-11,建设银行,-6.9935373333333315,5.498952645,银行
2017-04-12,建设银行,-6.7796676333333314,5.4119583900000015,银行
2017-04-13,建设银行,-6.9935373333333315,5.4440089050000005,银行
2017-04-14,建设银行,-6.8509575333333315,5.43027297,银行
2017-04-15,建设银行,-6.7083777333333305,5.4028011,银行
2017-04-18,建设银行,-6.74402433333333,5.4028011,银行
2017-04-19,建设银行,-6.53015463333333,5.35701465,银行
2017-04-20,建设银行,-6.28064163333333,5.3020709099999985,银行
2017-04-21,建设银行,-6.53015463333333,5.27459904,银行
2017-04-22,建设银行,-6.8509575333333315,5.352436005,银行
2017-04-25,建设银行,-6.7796676333333314,5.352436005,银行
2017-04-26,建设银行,-6.88660413333333,5.42111568,银行
2017-04-27,建设银行,-7.0648272333333315,5.45774484,银行
2017-04-28,建设银行,-6.9935373333333315,5.4440089050000005,银行
2017-04-29,建设银行,-6.876789933333329,5.45774484,银行
2017-05-03,建设银行,-7.560784699999997,5.45774484,银行
2017-05-04,建设银行,-7.454791999999997,5.39364381,银行
2017-05-05,建设银行,-7.490125099999995,5.379907875,银行
2017-05-06,建设银行,-7.6667773999999955,5.4028011,银行
2017-05-09,建设银行,-7.6314442999999965,5.4028011,银行
2017-05-10,建设银行,-7.6314442999999965,5.43027297,银行
2017-05-11,建设银行,-7.6667773999999955,5.434851615,银行
2017-05-12,建设银行,-7.6667773999999955,5.471480775,银行
2017-05-13,建设银行,-8.444046199999994,5.55847503,银行
2017-05-16,建设银行,-8.408716399999994,5.55847503,银行
2017-05-17,建设银行,-8.267393899999998,5.5767896100000005,银行
2017-05-18,建设银行,-8.055411799999996,5.553896385,银行
2017-05-19,建设银行,-8.126071399999995,5.535581805,银行
2017-05-20,建设银行,-8.055411799999996,5.544739095,银行
2017-05-23,建设银行,-8.267393899999998,5.544739095,银行
2017-05-24,建设银行,-8.585368699999995,5.663783865,银行
2017-05-25,建设银行,-8.550035599999996,5.672941155,银行
2017-05-26,建设银行,-8.868010399999994,5.7599354100000015,银行
2017-05-27,建设银行,-9.185985199999996,5.801143215,银行
2017-06-01,建设银行,-9.185985199999996,5.801143215,银行
2017-06-02,建设银行,-9.327307699999997,5.837772375,银行
2017-06-03,建设银行,-9.115322299999994,5.85150831,银行
2017-06-06,建设银行,-8.408716399999994,5.85150831,银行
2017-06-07,建设银行,-8.479375999999998,5.631733349999998,银行
2017-06-08,建设银行,-8.514705799999996,5.68667709,银行
2017-06-09,建设银行,-8.514705799999996,5.645469285,银行
2017-06-10,建设银行,-8.620698499999998,5.70499167,银行
2017-06-13,建设银行,-8.726687899999996,5.70499167,银行
2017-06-14,建设银行,-8.832680599999994,5.72330625,银行
2017-06-15,建设银行,-8.762020999999995,5.709570315,银行
2017-06-16,建设银行,-8.444046199999994,5.66836251,银行
2017-06-17,建设银行,-8.302723699999996,5.60426148,银行
2017-06-20,建设银行,-8.338053499999996,5.60426148,银行
2017-06-21,建设银行,-8.479375999999998,5.64089064,银行
2017-06-22,建设银行,-8.550035599999996,5.65004793,银行
2017-06-23,建设银行,-8.832680599999994,5.727884895000001,银行
2017-06-24,建设银行,-9.009332899999997,5.764514055,银行
2017-06-27,建设银行,-8.974003099999996,5.764514055,银行
2017-06-28,建设银行,-9.150655399999996,5.791985925,银行
2017-06-29,建设银行,-9.291974599999998,5.85150831,银行
2017-06-30,建设银行,-9.433297099999997,5.87898018,银行
2017-07-01,建设银行,-8.408716399999994,5.882934185,银行
2017-07-04,建设银行,-8.373383299999995,5.882934185,银行
2017-07-05,建设银行,-8.373383299999995,5.835066535,银行
2017-07-06,建设银行,-8.196730999999994,5.81113271,银行
2017-07-07,建设银行,-8.196730999999994,5.8159194749999985,银行
2017-07-08,建设银行,-8.267393899999998,5.83027977,银行
2017-07-11,建设银行,-8.161401199999995,5.83027977,银行
2017-07-12,建设银行,-8.585368699999995,5.88772095,银行
2017-07-13,建设银行,-8.832680599999994,6.00260331,银行
2017-07-14,建设银行,-8.938669999999998,6.045684195,银行
2017-07-15,建设银行,-9.009332899999997,6.036110665,银行
2017-07-18,建设银行,-9.715942099999998,6.036110665,银行
2017-07-19,建设银行,-9.327307699999997,6.15577979,银行
2017-07-20,建设银行,-9.433297099999997,6.170140085,银行
2017-07-21,建设银行,-9.574619599999991,6.17492685,银行
2017-07-22,建设银行,-9.468626899999997,6.170140085,银行
2017-07-25,建设银行,-9.539289799999992,6.170140085,银行
2017-07-26,建设银行,-10.210565899999994,6.304169505,银行
2017-07-27,建设银行,-10.563870499999997,6.447772455,银行
2017-07-28,建设银行,-10.351888399999998,6.428625395,银行
2017-07-29,建设银行,-10.740522799999995,6.4238386300000005,银行
2017-08-01,建设银行,-10.493210899999996,6.4238386300000005,银行
2017-08-02,建设银行,-10.705192999999996,6.50042687,银行
2017-08-03,建设银行,-11.023167799999998,6.572228345,银行
2017-08-04,建设银行,-10.917175099999994,6.62488276,银行
2017-08-05,建设银行,-10.917175099999994,6.572228345,银行
2017-08-08,建设银行,-10.846515499999995,6.572228345,银行
2017-08-09,建设银行,-10.987837999999995,6.543507755,银行
2017-08-10,建设银行,-10.987837999999995,6.490853339999999,银行
2017-08-11,建设银行,-10.563870499999997,6.35682392,银行
2017-08-12,建设银行,-10.033913599999996,6.294595975,银行
2017-08-15,建设银行,-10.033913599999996,6.294595975,银行
2017-08-16,建设银行,-10.740522799999995,6.47170628,银行
2017-08-17,建设银行,-10.563870499999997,6.466919515,银行
2017-08-18,建设银行,-10.563870499999997,6.447772455,银行
2017-08-19,建设银行,-10.457881099999996,6.419051865,银行
2017-08-22,建设银行,-10.563870499999997,6.419051865,银行
2017-08-23,建设银行,-10.634533399999992,6.47170628,银行
2017-08-24,建设银行,-11.058497599999995,6.53872099,银行
2017-08-25,建设银行,-11.058497599999995,6.66317688,银行
2017-08-26,建设银行,-11.835766399999995,6.74933865,银行
2017-08-29,建设银行,-11.659114099999995,6.74933865,银行
2017-08-30,建设银行,-11.800436599999996,6.778059239999998,银行
2017-08-31,建设银行,-11.517791599999995,6.76848571,银行
2017-09-01,建设银行,-11.076743299999995,6.639243055,银行
2017-09-02,建设银行,-10.641985566666666,6.634456289999998,银行
2017-09-05,建设银行,-10.746691266666666,6.634456289999998,银行
2017-09-06,建设银行,-11.374918866666665,6.677537175,银行
2017-09-07,建设银行,-11.235312366666665,6.734978355,银行
2017-09-08,建设银行,-11.200411566666665,6.725404825,银行
2017-09-09,建设银行,-11.200411566666665,6.73976512,银行
2017-09-12,建设银行,-11.095705866666664,6.73976512,银行
2017-09-13,建设银行,-11.095705866666664,6.6488165850000005,银行
2017-09-14,建设银行,-11.025904266666664,6.6775371749999985,银行
2017-09-15,建设银行,-10.607084766666663,6.610522465,银行
2017-09-16,建设银行,-10.537279866666664,6.524360695,银行
2017-09-19,建设银行,-10.223166066666664,6.524360695,银行
2017-09-20,建设银行,-10.397673366666666,6.466919515,银行
2017-09-21,建设银行,-10.432577466666668,6.50042687,银行
2017-09-22,建设银行,-10.956099366666667,6.57701511,银行
2017-09-23,建设银行,-11.165510766666666,6.701471000000001,银行
2017-09-26,建设银行,-11.479624566666665,6.701471000000001,银行
2017-09-27,建设银行,-11.479624566666665,6.76848571,银行
2017-09-28,建设银行,-11.025904266666664,6.691897470000002,银行
2017-09-29,建设银行,-11.095705866666664,6.65360335,银行
2017-09-30,建设银行,-11.060805066666667,6.67275041,银行
2017-10-10,建设银行,-11.235312366666665,6.67275041,银行
2017-10-11,建设银行,-11.409822966666667,6.734978355,银行
2017-10-12,建设银行,-11.409822966666667,6.78763277,银行
2017-10-13,建设银行,-11.409822966666667,6.801993065,银行
2017-10-14,建设银行,-11.270216466666668,6.763698945,银行
2017-10-17,建设银行,-11.619231066666664,6.763698945,银行
2017-10-18,建设银行,-11.444723766666666,6.80677983,银行
2017-10-19,建设银行,-12.003149766666665,6.849860715,银行
2017-10-20,建设银行,-12.177657066666665,6.9360224850000005,银行
2017-10-21,建设银行,-11.863543266666666,6.926448955,银行
2017-10-24,建设银行,-11.584330266666665,6.926448955,银行
2017-10-25,建设银行,-11.723936766666665,6.84507395,银行
2017-10-26,建设银行,-11.514525366666666,6.81635336,银行
2017-10-27,建设银行,-11.165510766666666,6.725404825,银行
2017-10-28,建设银行,-11.165510766666666,6.81635336,银行
2017-10-31,建设银行,-11.775552066666664,6.81635336,银行
2017-11-01,建设银行,-11.464695366666666,6.88336807,银行
2017-11-02,建设银行,-11.4018342,6.7924195350000005,银行
2017-11-03,建设银行,-11.436372,6.725404825,银行
2017-11-04,建设银行,-11.298214199999995,6.696684235,银行
2017-11-07,建设银行,-11.021898599999998,6.696684235,银行
2017-11-08,建设银行,-11.194594199999996,6.677537175,银行
2017-11-09,建设银行,-11.229135300000001,6.7110445300000015,银行
2017-11-10,建设银行,-10.987357499999998,6.6775371749999985,银行
2017-11-11,建设银行,-10.5038052,6.5674415800000014,银行
2017-11-14,建设银行,-10.641962999999997,6.5674415800000014,银行
2017-11-15,建设银行,-10.641962999999997,6.553081284999998,银行
2017-11-16,建设银行,-10.641962999999997,6.53872099,银行
2017-11-17,建设银行,-10.641962999999997,6.52914746,银行
2017-11-18,建设银行,-11.160056399999998,6.600948935,银行
2017-11-21,建设银行,-11.6090709,6.600948935,银行
2017-11-22,建设银行,-11.6090709,6.830713655,银行
2017-11-23,建设银行,-12.472558799999998,6.974316605,银行
2017-11-24,建设银行,-12.334401,7.050904845,银行
2017-11-25,建设银行,-12.230781,6.94080925,银行
2017-11-28,建设银行,-11.8508487,6.94080925,银行
2017-11-29,建设银行,-11.539991999999998,6.797206299999999,银行
2017-11-30,建设银行,-11.678149799999995,6.81635336,银行
2017-12-01,建设银行,-11.678149799999995,6.81635336,银行
2017-12-02,建设银行,-11.125515299999995,6.754125415,银行
2017-12-05,建设银行,-11.194594199999996,6.754125415,银行
2017-12-06,建设银行,-11.7126876,6.782846005,银行
2017-12-07,建设银行,-11.678149799999995,6.82592689,银行
2017-12-08,建设银行,-11.3327553,6.73976512,银行
2017-12-09,建设银行,-11.160056399999998,6.696684234999998,银行
2017-12-12,建设银行,-11.194594199999996,6.696684234999998,银行
2017-12-13,建设银行,-10.9528197,6.65360335,银行
2017-12-14,建设银行,-11.298214199999995,6.667963645,银行
2017-12-15,建设银行,-11.125515299999995,6.754125415,银行
2017-12-16,建设银行,-11.0909775,6.67275041,银行
2017-12-19,建设银行,-11.505450899999996,6.67275041,银行
2017-12-20,建设银行,-12.058085399999996,6.8546474800000015,银行
2017-12-21,建设银行,-12.127164299999995,6.993463665,银行
2017-12-22,建设银行,-12.023544299999998,6.955169545,银行
2017-12-23,建设银行,-11.9890065,6.92166219,银行
2017-12-26,建设银行,-12.576178799999996,6.92166219,银行
2017-12-27,建设银行,-13.059731099999995,7.127493085,银行
2017-12-28,建设银行,-12.9215733,7.24716221,银行
2017-12-29,建设银行,-13.0942722,7.1897210299999985,银行
2017-12-30,建设银行,-13.5432867,7.290243095,银行
2018-01-03,建设银行,-13.923222299999995,7.290243095,银行
2018-01-04,建设银行,-13.785061199999998,7.452993105,银行
2018-01-05,建设银行,-13.301508899999998,7.347684275,银行
2018-01-06,建设银行,-13.5432867,7.338110745,银行
2018-01-09,建设银行,-13.232429999999995,7.338110745,银行
2018-01-10,建设银行,-13.128809999999998,7.232801915,银行
2018-01-11,建设银行,-13.888681199999995,7.34289751,银行
2018-01-12,建设银行,-14.199537900000001,7.49607399,银行
2018-01-13,建设银行,-14.2686168,7.563088700000001,银行
2018-01-16,建设银行,-14.890330199999998,7.563088700000001,银行
2018-01-17,建设银行,-15.442961399999998,7.77370636,银行
2018-01-18,建设银行,-15.995595899999998,8.089632850000001,银行
2018-01-19,建设银行,-18.0334284,8.34811816,银行
2018-01-20,建设银行,-18.413364,8.563522585000001,银行
2018-01-23,建设银行,-18.3097473,8.563522585000001,银行
2018-01-24,建设银行,-20.900214299999995,9.02783879,银行
2018-01-25,建设银行,-20.4166587,9.310257925,银行
2018-01-26,建设银行,-19.967644199999995,9.05655938,银行
2018-01-27,建设银行,-20.2785009,9.204949095,银行
2018-01-30,建设银行,-19.898565299999994,9.204949095,银行
2018-01-31,建设银行,-19.415013,9.051772615,银行
2018-02-01,建设银行,-19.8640275,9.013478495,银行
2018-02-02,建设银行,-20.2785009,9.118787325,银行
2018-02-03,建设银行,-20.002185299999994,9.07570644,银行
2018-02-06,建设银行,-20.8311354,9.07570644,银行
2018-02-07,建设银行,-19.4840919,9.061346145,银行
2018-02-08,建设银行,-17.549876099999995,8.77892701,银行
2018-02-09,建设银行,-16.340990400000006,8.190154915,银行
2018-02-10,建设银行,-15.891975899999998,7.845507835,银行
2018-02-13,建设银行,-15.6501981,7.845507835,银行
2018-02-14,建设银行,-16.099212599999998,8.113566675,银行
2018-02-15,建设银行,-16.306452599999997,8.0417652,银行
2018-02-23,建设银行,-17.342639399999996,8.0417652,银行
2018-02-24,建设银行,-17.4117183,8.381625515,银行
2018-02-27,建设银行,-17.239019399999997,8.381625515,银行
2018-02-28,建设银行,-16.099212599999998,8.17579462,银行
2018-03-01,建设银行,-15.719276999999998,7.92688284,银行
2018-03-02,建设银行,-15.4775025,7.92688284,银行
2018-03-03,建设银行,-15.3738825,7.83114754,银行
2018-03-06,建设银行,-15.097566899999995,7.83114754,银行
2018-03-07,建设银行,-15.028488000000001,7.730625475,银行
2018-03-08,建设银行,-15.546581399999996,7.93645637,银行
2018-03-09,建设银行,-15.270262499999998,7.874228425,银行
2018-03-10,建设银行,-15.512040299999995,7.888588719999999,银行
2018-03-13,建设银行,-15.1666458,7.888588719999999,银行
2018-03-14,建设银行,-15.270262499999998,7.864654895,银行
2018-03-15,建设银行,-14.890330199999998,7.749772535,银行
2018-03-16,建设银行,-14.855789099999996,7.697118120000002,银行
2018-03-17,建设银行,-14.337695699999998,7.63010341,银行
2018-03-20,建设银行,-14.752169099999994,7.63010341,银行
2018-03-21,建设银行,-15.028488000000001,7.70669165,银行
2018-03-22,建设银行,-15.028488000000001,7.797640185,银行
2018-03-23,建设银行,-14.786710199999998,7.68754459,银行
2018-03-24,建设银行,-13.819602299999994,7.44820634,银行
2018-03-27,建设银行,-12.852494399999998,7.44820634,银行
2018-03-28,建设银行,-12.748874399999998,7.1610004400000005,银行
2018-03-29,建设银行,-12.319953599999998,7.175360735,银行
2018-03-30,建设银行,-13.1372811,7.2758828,银行
2018-03-31,建设银行,-13.409722499999996,7.4290592800000015,银行
2018-04-03,建设银行,-12.592394999999994,7.4290592800000015,银行
2018-04-04,建设银行,-12.4221216,7.11313279,银行
2018-04-05,建设银行,-12.149676899999996,7.13227985,银行
2018-04-10,建设银行,-12.081568199999998,7.13227985,银行
2018-04-11,建设银行,-13.6140552,7.266309270000002,银行
2018-04-12,建设银行,-14.090825999999995,7.563088700000001,银行
2018-04-13,建设银行,-13.273501799999998,7.472140165,银行
2018-04-14,建设银行,-13.1032251,7.40033869,银行
2018-04-17,建设银行,-11.979400199999995,7.40033869,银行
2018-04-18,建设银行,-11.809126799999998,7.00782396,银行
2018-04-19,建设银行,-12.047512199999998,7.041331315,银行
2018-04-20,建设银行,-12.251844899999998,7.103559260000001,银行
2018-04-21,建设银行,-12.115624199999996,7.02697102,银行
2018-04-24,建设银行,-12.319953599999998,7.02697102,银行
2018-04-25,建设银行,-12.7626717,7.32375045,银行
2018-04-26,建设银行,-12.4561743,7.1897210299999985,银行
2018-04-27,建设银行,-12.251844899999998,7.108346025,银行
2018-04-28,建设银行,-12.096536999999998,7.0844122,银行
2018-05-03,建设银行,-12.679169000000002,7.0844122,银行
2018-05-04,建设银行,-12.6121097,7.09398573,银行
2018-05-05,建设银行,-12.243291800000002,7.079625435,银行
2018-05-08,建设银行,-12.4779944,7.079625435,银行
2018-05-09,建设银行,-12.9809276,7.19929456,银行
2018-05-10,建设银行,-13.081514899999998,7.23758868,银行
2018-05-11,建设银行,-13.047986899999998,7.2758828,银行
2018-05-12,建设银行,-13.5844481,7.36204457,银行
2018-05-15,建设银行,-13.6515074,7.36204457,银行
2018-05-16,建设银行,-13.6515074,7.443419575,银行
2018-05-17,建设银行,-13.2156302,7.34289751,银行
2018-05-18,建设银行,-13.081514899999998,7.271096035,银行
2018-05-19,建设银行,-13.5509201,7.32375045,银行
2018-05-22,建设银行,-13.282689499999998,7.32375045,银行
2018-05-23,建设银行,-12.746225,7.204081325,银行
2018-05-24,建设银行,-12.3438791,7.103559260000001,银行
2018-05-25,建设银行,-12.0756485,7.0173974900000005,银行
2018-05-26,建设银行,-12.0756485,6.96952984,银行
2018-05-29,建设银行,-12.0085892,6.96952984,银行
2018-05-30,建设银行,-11.807414599999998,6.86422101,银行
2018-05-31,建设银行,-11.2709534,6.782846005,银行
2018-06-01,建设银行,-11.505655999999998,6.801993065,银行
2018-06-02,建设银行,-11.371540699999999,6.801993065,银行
2018-06-05,建设银行,-11.6732993,6.801993065,银行
2018-06-06,建设银行,-11.706827299999995,6.82592689,银行
2018-06-07,建设银行,-11.539184,6.83550042,银行
2018-06-08,建设银行,-11.706827299999995,6.888154835,银行
2018-06-09,建设银行,-11.2038941,6.782846005,银行
2018-06-12,建设银行,-11.1368381,6.782846005,银行
2018-06-13,建设银行,-11.371540699999999,6.725404825,银行
2018-06-14,建设银行,-11.3044814,6.734978355,银行
2018-06-15,建设银行,-11.472127999999998,6.773272475,银行
2018-06-16,建设银行,-11.874473899999998,6.8546474800000015,银行
2018-06-20,建设银行,-11.874473899999998,6.8546474800000015,银行
2018-06-21,建设银行,-11.472127999999998,6.830713655,银行
2018-06-22,建设银行,-11.3044814,6.835500420000002,银行
2018-06-23,建设银行,-11.3044814,6.7589121799999985,银行
2018-06-26,建设银行,-10.7680202,6.7589121799999985,银行
2018-06-27,建设银行,-10.198027699999999,6.438198925,银行
2018-06-28,建设银行,-9.6615632,6.323316565,银行
2018-06-29,建设银行,-9.15863,6.189287145,银行
2018-06-30,建设银行,-9.15863,6.23236803,银行
2018-07-03,建设银行,-8.4880535,6.23236803,银行
2018-07-04,建设银行,-8.8233401,5.9738827200000015,银行
2018-07-05,建设银行,-8.8233401,6.07919155,银行
2018-07-06,建设银行,-9.125101999999998,6.10791214,银行
2018-07-07,建设银行,-9.2927453,6.16535332,银行
2018-07-10,建设银行,-10.466258300000002,6.16535332,银行
2018-07-11,建设银行,-10.332143000000002,6.466919515,银行
2018-07-12,建设银行,-10.198027699999999,6.409478334999998,银行
2018-07-13,建设银行,-11.0027228,6.572228344999999,银行
2018-07-14,建设银行,-11.036250799999998,6.65360335,银行
2018-07-17,建设银行,-10.432730300000001,6.65360335,银行
2018-07-18,建设银行,-8.9909867,6.3900000000000015,银行
2018-07-19,建设银行,-9.091573999999998,6.46,银行
2018-07-20,建设银行,-8.9239274,6.38,银行
2018-07-21,建设银行,-10.365671,6.58,银行
2018-07-24,建设银行,-10.868604199999998,6.58,银行
2018-07-25,建设银行,-10.868604199999998,6.975,银行
2018-07-26,建设银行,-10.8350762,6.91,银行
2018-07-27,建设银行,-10.8015482,6.91,银行
2018-07-28,建设银行,-10.6003736,6.880000000000001,银行
2018-07-31,建设银行,-10.935663499999999,6.880000000000001,银行
2018-08-01,建设银行,-11.1368381,6.96,银行
2018-08-02,建设银行,-10.700960899999998,6.9849999999999985,银行
2018-08-03,建设银行,-10.2315557,6.775,银行
2018-08-04,建设银行,-10.533317599999998,6.82,银行
2018-08-07,建设银行,-10.7344889,6.82,银行
2018-08-08,建设银行,-11.036250799999998,6.9,银行
2018-08-09,建设银行,-10.6003736,6.895,银行
2018-08-10,建设银行,-10.868604199999998,6.88,银行
2018-08-11,建设银行,-10.6003736,6.88,银行
2018-08-14,建设银行,-9.996853100000001,6.88,银行
2018-08-15,建设银行,-10.0303811,6.625,银行
2018-08-16,建设银行,-9.6615632,6.6099999999999985,银行
2018-08-17,建设银行,-9.762150499999997,6.535,银行
2018-08-18,建设银行,-9.493919899999998,6.5950000000000015,银行
2018-08-21,建设银行,-9.9633251,6.5950000000000015,银行
2018-08-22,建设银行,-10.164499699999997,6.695,银行
2018-08-23,建设银行,-10.164499699999997,6.68,银行
2018-08-24,建设银行,-10.063912400000001,6.695,银行
2018-08-25,建设银行,-10.432730300000001,6.775,银行
2018-08-28,建设银行,-10.8015482,6.775,银行
2018-08-29,建设银行,-10.8015482,6.96,银行
2018-08-30,建设银行,-10.3176758,6.9,银行
2018-08-31,建设银行,-10.087543699999998,6.8900000000000015,银行
2018-09-01,建设银行,-10.251923299999998,6.865,银行
2018-09-04,建设银行,-10.290389966666664,6.865,银行
2018-09-05,建设银行,-10.454772866666666,6.875,银行
2018-09-06,建设银行,-9.731495366666664,6.8100000000000005,银行
2018-09-07,建设银行,-9.599990366666663,6.7,银行
2018-09-08,建设银行,-9.567112466666664,6.645,银行
2018-09-11,建设银行,-9.435607466666664,6.645,银行
2018-09-12,建设银行,-9.304102466666665,6.615,银行
2018-09-13,建设银行,-9.172597466666662,6.54,银行
2018-09-14,建设银行,-9.501359966666666,6.595,银行
2018-09-15,建设银行,-9.534237866666665,6.66,银行
2018-09-18,建设银行,-9.402732866666664,6.66,银行
2018-09-19,建设银行,-9.665742866666662,6.65,银行
2018-09-20,建设银行,-9.961627466666664,6.75,银行
2018-09-21,建设银行,-10.191762866666664,6.875,银行
2018-09-22,建设银行,-11.375307866666665,7.0150000000000015,银行
2018-09-26,建设银行,-11.013667466666664,7.0150000000000015,银行
2018-09-27,建设银行,-11.112297866666665,7.155,银行
2018-09-28,建设银行,-11.112297866666665,7.0950000000000015,银行
2018-09-29,建设银行,-11.47393496666666,7.215,银行
2018-10-09,建设银行,-10.454772866666666,7.215,银行
2018-10-10,建设银行,-10.356142466666665,6.88,银行
2018-10-11,建设银行,-10.487647466666663,6.91,银行
2018-10-12,建设银行,-9.632864966666665,6.744999999999999,银行
2018-10-13,建设银行,-10.454772866666666,6.82,银行
2018-10-16,建设银行,-10.060257866666664,6.82,银行
2018-10-17,建设银行,-10.224637466666664,6.87,银行
2018-10-18,建设银行,-10.126010366666662,6.8599999999999985,银行
2018-10-19,建设银行,-9.797247866666662,6.77,银行
2018-10-20,建设银行,-10.619152466666666,6.835,银行
2018-10-23,建设银行,-11.309555366666665,6.835,银行
2018-10-24,建设银行,-10.553399966666664,7.050000000000002,银行
2018-10-25,建设银行,-10.793108666666665,7.115,银行
2018-10-26,建设银行,-11.084148866666665,7.115,银行
2018-10-27,建设银行,-11.213498966666664,7.195,银行
2018-10-30,建设银行,-10.566741866666664,7.195,银行
2018-10-31,建设银行,-10.728431966666662,7.145,银行
2018-11-01,建设银行,-10.793108666666665,7.119999999999999,银行
2018-11-02,建设银行,-10.861370755555555,7.13,银行
2018-11-03,建设银行,-11.120070955555557,7.14,银行
2018-11-06,建设银行,-10.732017355555557,7.14,银行
2018-11-07,建设银行,-10.570327255555554,6.99,银行
2018-11-08,建设银行,-10.473313855555553,6.995,银行
2018-11-09,建设银行,-10.473313855555553,7.01,银行
2018-11-10,建设银行,-9.664866655555553,6.755,银行
2018-11-13,建设银行,-9.664866655555553,6.755,银行
2018-11-14,建设银行,-9.664866655555553,6.71,银行
2018-11-15,建设银行,-9.341489755555552,6.66,银行
2018-11-16,建设银行,-9.503179855555556,6.645,银行
2018-11-17,建设银行,-9.470839855555552,6.655,银行
2018-11-20,建设银行,-9.794220055555552,6.655,银行
2018-11-21,建设银行,-9.664866655555553,6.715,银行
2018-11-22,建设银行,-9.664866655555553,6.695,银行
2018-11-23,建设银行,-9.567853255555553,6.695,银行
2018-11-24,建设银行,-9.438503155555557,6.665,银行
2018-11-27,建设银行,-9.567853255555553,6.665,银行
2018-11-28,建设银行,-9.470839855555552,6.68,银行
2018-11-29,建设银行,-9.567853255555553,6.67,银行
2018-11-30,建设银行,-9.373826455555552,6.67,银行
2018-12-01,建设银行,-9.438503155555557,6.625,银行
2018-12-04,建设银行,-9.826556755555554,6.625,银行
2018-12-05,建设银行,-9.826556755555554,6.76,银行
2018-12-06,建设银行,-9.69720665555555,6.715,银行
2018-12-07,建设银行,-9.406166455555553,6.66,银行
2018-12-08,建设银行,-9.373826455555552,6.6400000000000015,银行
2018-12-11,建设银行,-9.147462955555554,6.6400000000000015,银行
2018-12-12,建设银行,-9.244476355555552,6.58,银行
2018-12-13,建设银行,-9.406166455555553,6.625,银行
2018-12-14,建设银行,-9.69720665555555,6.705,银行
2018-12-15,建设银行,-9.309153055555557,6.68,银行
2018-12-18,建设银行,-9.470839855555552,6.68,银行
2018-12-19,建设银行,-9.309153055555557,6.635,银行
2018-12-20,建设银行,-9.082786255555554,6.585,银行
2018-12-21,建设银行,-8.630055955555555,6.445,银行
2018-12-22,建设银行,-8.306675755555553,6.28,银行
2018-12-25,建设银行,-8.306675755555553,6.28,银行
2018-12-26,建设银行,-8.242002355555558,6.26,银行
2018-12-27,建设银行,-8.274339055555554,6.29,银行
2018-12-28,建设银行,-8.274339055555554,6.315,银行
2018-12-29,建设银行,-8.533042555555554,6.345,银行
2019-01-03,建设银行,-8.144988955555553,6.345,银行
2019-01-04,建设银行,-8.177325655555553,6.265,银行
2019-01-05,建设银行,-8.500705855555552,6.28,银行
2019-01-08,建设银行,-8.436029155555557,6.28,银行
2019-01-09,建设银行,-8.436029155555557,6.33,银行
2019-01-10,建设银行,-8.662392655555552,6.4049999999999985,银行
2019-01-11,建设银行,-8.436029155555557,6.365,银行
2019-01-12,建设银行,-8.500705855555552,6.335,银行
2019-01-15,建设银行,-8.306675755555553,6.335,银行
2019-01-16,建设银行,-8.565379255555552,6.34,银行
2019-01-17,建设银行,-8.662392655555552,6.3900000000000015,银行
2019-01-18,建设银行,-8.791746055555553,6.45,银行
2019-01-19,建设银行,-9.406166455555553,6.565,银行
2019-01-22,建设银行,-9.503179855555556,6.565,银行
2019-01-23,建设银行,-9.276813055555555,6.63,银行
2019-01-24,建设银行,-9.276813055555555,6.6549999999999985,银行
2019-01-25,建设银行,-9.535516555555553,6.67,银行
2019-01-26,建设银行,-9.955910155555555,6.7799999999999985,银行
2019-01-29,建设银行,-9.826556755555554,6.7799999999999985,银行
2019-01-30,建设银行,-10.085260255555552,6.795,银行
2019-01-31,建设银行,-10.117596955555552,6.8599999999999985,银行
2019-02-01,建设银行,-10.796694055555554,7.0,银行
2019-02-02,建设银行,-10.764357355555553,7.035,银行
2019-02-12,建设银行,-10.764357355555553,7.035,银行
2019-02-13,建设银行,-10.732017355555557,7.055,银行
2019-02-14,建设银行,-10.926044155555555,7.08,银行
2019-02-15,建设银行,-10.667340655555552,7.05,银行
2019-02-16,建设银行,-10.667340655555552,6.915,银行
2019-02-19,建设银行,-10.052923555555552,6.915,银行
2019-02-20,建设银行,-10.473313855555553,7.0,银行
2019-02-21,建设银行,-10.473313855555553,6.99,银行
2019-02-22,建设银行,-10.376300455555556,6.975,银行
2019-02-23,建设银行,-10.408640455555553,6.88,银行
2019-02-26,建设银行,-11.799168055555556,6.88,银行
2019-02-27,建设银行,-11.184747655555556,7.245,银行
2019-02-28,建设银行,-11.378774455555556,7.300000000000002,银行
2019-03-01,建设银行,-11.152410955555553,7.2200000000000015,银行
2019-03-02,建设银行,-11.669817955555553,7.25,银行
2019-03-05,建设银行,-11.734491355555555,7.25,银行
2019-03-06,建设银行,-11.540464555555554,7.275,银行
2019-03-07,建设银行,-11.637477955555553,7.3,银行
2019-03-08,建设银行,-11.217087655555554,7.24,银行
2019-03-09,建设银行,-10.279287055555553,7.01,银行
2019-03-12,建设银行,-10.279287055555553,7.01,银行
2019-03-13,建设银行,-10.602667255555552,7.01,银行
2019-03-14,建设银行,-10.408640455555553,6.945,银行
2019-03-15,建设银行,-10.408640455555553,6.965,银行
2019-03-16,建设银行,-10.667340655555552,7.005,银行
2019-03-19,建设银行,-11.055397555555556,7.005,银行
2019-03-20,建设银行,-11.023057555555553,7.15,银行
2019-03-21,建设银行,-11.023057555555553,7.12,银行
2019-03-22,建设银行,-10.796694055555554,7.1,银行
2019-03-23,建设银行,-10.667340655555552,7.0299999999999985,银行
2019-03-26,建设银行,-10.052923555555552,7.0299999999999985,银行
2019-03-27,建设银行,-9.955910155555555,6.845,银行
2019-03-28,建设银行,-10.246950355555553,6.885,银行
2019-03-29,建设银行,-10.029384655555551,6.8100000000000005,银行
2019-03-30,建设银行,-10.450560355555552,6.8900000000000015,银行
2019-04-02,建设银行,-10.450560355555552,6.8900000000000015,银行
2019-04-03,建设银行,-11.130921355555556,7.185,银行
2019-04-04,建设银行,-11.357710555555556,7.145,银行
2019-04-05,建设银行,-11.357710555555556,7.3450000000000015,银行
2019-04-09,建设银行,-11.843681755555556,7.3450000000000015,银行
2019-04-10,建设银行,-11.681691355555555,7.355,银行
2019-04-11,建设银行,-11.616895855555553,7.29,银行
2019-04-12,建设银行,-11.357710555555556,7.31,银行
2019-04-13,建设银行,-11.325311155555553,7.215,银行
2019-04-16,建设银行,-11.811285655555556,7.215,银行
2019-04-17,建设银行,-12.977621155555553,7.535,银行
2019-04-18,建设银行,-13.074816055555553,7.75,银行
2019-04-19,建设银行,-12.524046055555553,7.645,银行
2019-04-20,建设银行,-12.621240955555553,7.605,银行
2019-04-23,建设银行,-11.811285655555556,7.605,银行
2019-04-24,建设银行,-11.876081155555553,7.385,银行
2019-04-25,建设银行,-11.940876655555556,7.405,银行
2019-04-26,建设银行,-11.681691355555555,7.355,银行
2019-04-27,建设银行,-11.45490545555555,7.3,银行
2019-04-30,建设银行,-11.940876655555556,7.3,银行
